Number,Section,Isolate number,Isolate,Collection,Area
1,1,1,1016,first,11.118
2,1,1,1016,first,13.476
3,1,1,1016,first,12.008
4,1,1,1016,first,9.93
5,1,1,1016,first,14.91
6,1,1,1016,first,18.634
7,1,1,1016,first,15.327
8,1,1,1016,first,15.858
9,1,1,1016,first,16.58
10,1,1,1016,first,13.754
11,1,2,1015,first,7.304
12,1,2,1015,first,11.798
13,1,2,1015,first,4.076
14,1,2,1015,first,12.338
15,1,2,1015,first,14.307
16,1,2,1015,first,16.05
17,1,2,1015,first,18.095
18,1,2,1015,first,14.72
19,1,2,1015,first,10.842
20,1,2,1015,first,6.293
21,1,3,143,first,16.228
22,1,3,143,first,13.109
23,1,3,143,first,13.141
24,1,3,143,first,13.993
25,1,3,143,first,12.518
26,1,3,143,first,17.035
27,1,3,143,first,14.84
28,1,3,143,first,22.72
29,1,3,143,first,20.788
30,1,3,143,first,16.709
31,1,4,202,first,10.729
32,1,4,202,first,10.341
33,1,4,202,first,12.013
34,1,4,202,first,9.788
35,1,4,202,first,12.676
36,1,4,202,first,6.719
37,1,4,202,first,13.075
38,1,4,202,first,14.612
39,1,4,202,first,18.624
40,1,4,202,first,11.416
41,1,5,1013,first,7.384
42,1,5,1013,first,10.122
43,1,5,1013,first,15.537
44,1,5,1013,first,14.938
45,1,5,1013,first,10.817
46,1,5,1013,first,19.174
47,1,5,1013,first,11.895
48,1,5,1013,first,8.689
49,1,5,1013,first,11.304
50,1,5,1013,first,13.279
51,1,6,1010,first,7.392
52,1,6,1010,first,10.289
53,1,6,1010,first,8.248
54,1,6,1010,first,11.464
55,1,6,1010,first,9.588
56,1,6,1010,first,10.664
57,1,6,1010,first,14.757
58,1,6,1010,first,11.526
59,1,6,1010,first,13.955
60,1,6,1010,first,9.679
61,1,7,541B,first,10.114
62,1,7,541B,first,12.321
63,1,7,541B,first,11.259
64,1,7,541B,first,14.657
65,1,7,541B,first,7.065
66,1,7,541B,first,16.087
67,1,7,541B,first,17.096
68,1,7,541B,first,11.394
69,1,7,541B,first,14.998
70,1,7,541B,first,14.383
71,1,8,4B,first,8.97
72,1,8,4B,first,8.877
73,1,8,4B,first,9.808
74,1,8,4B,first,8.26
75,1,8,4B,first,10.469
76,1,8,4B,first,8.054
77,1,8,4B,first,12.485
78,1,8,4B,first,8.19
79,1,8,4B,first,11.106
80,1,8,4B,first,7.658
81,1,9,4C,first,12.975
82,1,9,4C,first,16.053
83,1,9,4C,first,12.266
84,1,9,4C,first,13.801
85,1,9,4C,first,11.637
86,1,9,4C,first,15.844
87,1,9,4C,first,19.554
88,1,9,4C,first,21.669
89,1,9,4C,first,14.52
90,1,9,4C,first,17.141
91,1,10,1021,first,13.065
92,1,10,1021,first,15.811
93,1,10,1021,first,14.933
94,1,10,1021,first,16.962
95,1,10,1021,first,11.385
96,1,10,1021,first,16.894
97,1,10,1021,first,12.987
98,1,10,1021,first,14.856
99,1,10,1021,first,12.968
100,1,10,1021,first,17.625
101,1,11,6B,first,12.446
102,1,11,6B,first,10.227
103,1,11,6B,first,12.108
104,1,11,6B,first,15.135
105,1,11,6B,first,11.939
106,1,11,6B,first,18.438
107,1,11,6B,first,10.169
108,1,11,6B,first,12.919
109,1,11,6B,first,15.088
110,1,11,6B,first,16.11
111,1,12,7B,first,18.174
112,1,12,7B,first,10.374
113,1,12,7B,first,11.388
114,1,12,7B,first,10.268
115,1,12,7B,first,11.466
116,1,12,7B,first,14.306
117,1,12,7B,first,13.685
118,1,12,7B,first,13.733
119,1,12,7B,first,10.079
120,1,12,7B,first,13.997
121,1,13,5E,first,10.21
122,1,13,5E,first,13.052
123,1,13,5E,first,10.781
124,1,13,5E,first,10.923
125,1,13,5E,first,9.201
126,1,13,5E,first,15.57
127,1,13,5E,first,16.563
128,1,13,5E,first,9.61
129,1,13,5E,first,12.167
130,1,13,5E,first,7.011
131,1,14,3D,first,9.991
132,1,14,3D,first,12.713
133,1,14,3D,first,16.774
134,1,14,3D,first,13.13
135,1,14,3D,first,13.749
136,1,14,3D,first,16.071
137,1,14,3D,first,15.468
138,1,14,3D,first,13.017
139,1,14,3D,first,18.725
140,1,14,3D,first,10.711
141,1,15,4A,first,10.657
142,1,15,4A,first,10.365
143,1,15,4A,first,8.783
144,1,15,4A,first,8.455
145,1,15,4A,first,8.662
146,1,15,4A,first,10.252
147,1,15,4A,first,8.257
148,1,15,4A,first,9.22
149,1,15,4A,first,13.39
150,1,15,4A,first,11.885
151,1,1,1016,second,9.475
152,1,1,1016,second,9.707
153,1,1,1016,second,15.929
154,1,1,1016,second,7.954
155,1,1,1016,second,19.856
156,1,1,1016,second,21.298
157,1,1,1016,second,21.004
158,1,1,1016,second,13.907
159,1,1,1016,second,21.947
160,1,1,1016,second,17.156
161,1,2,1015,second,7.885
162,1,2,1015,second,7.087
163,1,2,1015,second,6.532
164,1,2,1015,second,4.411
165,1,2,1015,second,7.2
166,1,2,1015,second,17.829
167,1,2,1015,second,11.11
168,1,2,1015,second,13.644
169,1,2,1015,second,10.699
170,1,2,1015,second,14.478
171,1,3,143,second,15.316
172,1,3,143,second,7.355
173,1,3,143,second,17.305
174,1,3,143,second,15.643
175,1,3,143,second,14.088
176,1,3,143,second,10.421
177,1,3,143,second,19.953
178,1,3,143,second,19.106
179,1,3,143,second,19.415
180,1,3,143,second,19.637
181,1,4,202,second,10.312
182,1,4,202,second,15.531
183,1,4,202,second,9.942
184,1,4,202,second,11.635
185,1,4,202,second,12.77
186,1,4,202,second,12.579
187,1,4,202,second,13.769
188,1,4,202,second,11.811
189,1,4,202,second,11.561
190,1,4,202,second,20.318
191,1,5,1013,second,7.131
192,1,5,1013,second,8.591
193,1,5,1013,second,10.087
194,1,5,1013,second,10.954
195,1,5,1013,second,11.236
196,1,5,1013,second,12.471
197,1,5,1013,second,11.741
198,1,5,1013,second,15.011
199,1,5,1013,second,18.827
200,1,5,1013,second,12.457
201,1,6,1010,second,6.309
202,1,6,1010,second,6.509
203,1,6,1010,second,9.516
204,1,6,1010,second,13.285
205,1,6,1010,second,8.852
206,1,6,1010,second,7.865
207,1,6,1010,second,7.111
208,1,6,1010,second,5.521
209,1,6,1010,second,5.913
210,1,6,1010,second,9.748
211,1,7,541B,second,8.665
212,1,7,541B,second,15.147
213,1,7,541B,second,17.008
214,1,7,541B,second,13.124
215,1,7,541B,second,16.059
216,1,7,541B,second,12.391
217,1,7,541B,second,13.058
218,1,7,541B,second,14.855
219,1,7,541B,second,14.698
220,1,7,541B,second,16.797
221,1,8,4B,second,9.344
222,1,8,4B,second,9.816
223,1,8,4B,second,13.341
224,1,8,4B,second,11.438
225,1,8,4B,second,10.707
226,1,8,4B,second,10.912
227,1,8,4B,second,13.026
228,1,8,4B,second,12.787
229,1,8,4B,second,14.67
230,1,8,4B,second,12.929
231,1,9,4C,second,14.212
232,1,9,4C,second,12.273
233,1,9,4C,second,16.391
234,1,9,4C,second,23.334
235,1,9,4C,second,14.495
236,1,9,4C,second,14.112
237,1,9,4C,second,18.229
238,1,9,4C,second,12.984
239,1,9,4C,second,12.92
240,1,9,4C,second,19.597
241,1,10,1021,second,13.723
242,1,10,1021,second,7.832
243,1,10,1021,second,17.773
244,1,10,1021,second,10.402
245,1,10,1021,second,9.821
246,1,10,1021,second,17.22
247,1,10,1021,second,10.339
248,1,10,1021,second,10.254
249,1,10,1021,second,15.599
250,1,10,1021,second,18.149
251,1,11,6B,second,11.213
252,1,11,6B,second,10.397
253,1,11,6B,second,9.739
254,1,11,6B,second,14.687
255,1,11,6B,second,12.312
256,1,11,6B,second,14.024
257,1,11,6B,second,19.011
258,1,11,6B,second,13.276
259,1,11,6B,second,11.571
260,1,11,6B,second,14.19
261,1,12,7B,second,10.801
262,1,12,7B,second,10.3
263,1,12,7B,second,16.826
264,1,12,7B,second,12.324
265,1,12,7B,second,11.65
266,1,12,7B,second,11.476
267,1,12,7B,second,15.277
268,1,12,7B,second,13.179
269,1,12,7B,second,13.959
270,1,12,7B,second,13.131
271,1,13,5E,second,9.677
272,1,13,5E,second,8.196
273,1,13,5E,second,15.626
274,1,13,5E,second,13.136
275,1,13,5E,second,14.71
276,1,13,5E,second,8.186
277,1,13,5E,second,8.791
278,1,13,5E,second,10.202
279,1,13,5E,second,12.487
280,1,13,5E,second,14.699
281,1,14,3D,second,10.767
282,1,14,3D,second,11.105
283,1,14,3D,second,10.327
284,1,14,3D,second,10.927
285,1,14,3D,second,19.364
286,1,14,3D,second,14.362
287,1,14,3D,second,9.557
288,1,14,3D,second,8.721
289,1,14,3D,second,12.517
290,1,14,3D,second,13.569
291,1,15,4A,second,6.045
292,1,15,4A,second,6.511
293,1,15,4A,second,10.672
294,1,15,4A,second,8.706
295,1,15,4A,second,11.432
296,1,15,4A,second,8.884
297,1,15,4A,second,13.844
298,1,15,4A,second,8.76
299,1,15,4A,second,9.207
300,1,15,4A,second,10.372
301,1,1,1016,third,8.948
302,1,1,1016,third,8.042
303,1,1,1016,third,8.381
304,1,1,1016,third,15.726
305,1,1,1016,third,8.057
306,1,1,1016,third,8.891
307,1,1,1016,third,9.519
308,1,1,1016,third,12.539
309,1,1,1016,third,11.09
310,1,1,1016,third,13.978
311,1,2,1015,third,8.432
312,1,2,1015,third,7.836
313,1,2,1015,third,7.208
314,1,2,1015,third,2.668
315,1,2,1015,third,5.019
316,1,2,1015,third,11.268
317,1,2,1015,third,11.312
318,1,2,1015,third,10.276
319,1,2,1015,third,7.992
320,1,2,1015,third,10.856
321,1,3,143,third,12.865
322,1,3,143,third,12.475
323,1,3,143,third,11.362
324,1,3,143,third,13.462
325,1,3,143,third,8.994
326,1,3,143,third,8.836
327,1,3,143,third,14.542
328,1,3,143,third,10.183
329,1,3,143,third,8.807
330,1,3,143,third,6.656
331,1,4,202,third,8.847
332,1,4,202,third,10.509
333,1,4,202,third,5.8
334,1,4,202,third,6.408
335,1,4,202,third,11.045
336,1,4,202,third,13.325
337,1,4,202,third,9.984
338,1,4,202,third,12.721
339,1,4,202,third,13.199
340,1,4,202,third,17.113
341,1,5,1013,third,10.673
342,1,5,1013,third,11.7
343,1,5,1013,third,13.164
344,1,5,1013,third,14.729
345,1,5,1013,third,12.143
346,1,5,1013,third,10.91
347,1,5,1013,third,10.146
348,1,5,1013,third,9.231
349,1,5,1013,third,19.46
350,1,5,1013,third,16.087
351,1,6,1010,third,11.807
352,1,6,1010,third,7.19
353,1,6,1010,third,5.4
354,1,6,1010,third,11.395
355,1,6,1010,third,6.148
356,1,6,1010,third,6.111
357,1,6,1010,third,5.952
358,1,6,1010,third,10.826
359,1,6,1010,third,9.063
360,1,6,1010,third,5.806
361,1,7,541B,third,11.91
362,1,7,541B,third,12.431
363,1,7,541B,third,3.746
364,1,7,541B,third,7.768
365,1,7,541B,third,13.982
366,1,7,541B,third,9.757
367,1,7,541B,third,7.802
368,1,7,541B,third,15.659
369,1,7,541B,third,12.839
370,1,7,541B,third,11.866
371,1,8,4B,third,11.64
372,1,8,4B,third,8.453
373,1,8,4B,third,10.448
374,1,8,4B,third,11.084
375,1,8,4B,third,12.682
376,1,8,4B,third,13.142
377,1,8,4B,third,11.99
378,1,8,4B,third,14.678
379,1,8,4B,third,9.738
380,1,8,4B,third,8.767
381,1,9,4C,third,16.05
382,1,9,4C,third,9.39
383,1,9,4C,third,15.588
384,1,9,4C,third,11.433
385,1,9,4C,third,9.925
386,1,9,4C,third,8.781
387,1,9,4C,third,13.51
388,1,9,4C,third,13.552
389,1,9,4C,third,14.164
390,1,9,4C,third,12.798
391,1,10,1021,third,14.584
392,1,10,1021,third,12.385
393,1,10,1021,third,14.484
394,1,10,1021,third,14.476
395,1,10,1021,third,13.054
396,1,10,1021,third,17.887
397,1,10,1021,third,13.877
398,1,10,1021,third,11.787
399,1,10,1021,third,10.629
400,1,10,1021,third,15.628
401,1,11,6B,third,18.502
402,1,11,6B,third,14.551
403,1,11,6B,third,12.272
404,1,11,6B,third,13.968
405,1,11,6B,third,14.163
406,1,11,6B,third,10.59
407,1,11,6B,third,12.266
408,1,11,6B,third,14.831
409,1,11,6B,third,13.618
410,1,11,6B,third,16.364
411,1,12,7B,third,14.316
412,1,12,7B,third,6.627
413,1,12,7B,third,13.575
414,1,12,7B,third,11.348
415,1,12,7B,third,16.416
416,1,12,7B,third,17.566
417,1,12,7B,third,13.917
418,1,12,7B,third,15.425
419,1,12,7B,third,17.256
420,1,12,7B,third,14.296
421,1,13,5E,third,11.431
422,1,13,5E,third,11.191
423,1,13,5E,third,8.332
424,1,13,5E,third,5.675
425,1,13,5E,third,12.499
426,1,13,5E,third,10.295
427,1,13,5E,third,9.06
428,1,13,5E,third,16.034
429,1,13,5E,third,7.846
430,1,13,5E,third,15.759
431,1,14,3D,third,8.551
432,1,14,3D,third,14.046
433,1,14,3D,third,5.749
434,1,14,3D,third,10.279
435,1,14,3D,third,16.656
436,1,14,3D,third,15.086
437,1,14,3D,third,14.074
438,1,14,3D,third,15.272
439,1,14,3D,third,22.755
440,1,14,3D,third,18.044
441,1,15,4A,third,7.14
442,1,15,4A,third,10.963
443,1,15,4A,third,7.345
444,1,15,4A,third,6.412
445,1,15,4A,third,4.597
446,1,15,4A,third,5.199
447,1,15,4A,third,6.518
448,1,15,4A,third,9.883
449,1,15,4A,third,4.94
450,1,15,4A,third,6.039
451,2,16,1,first,12.466
452,2,16,1,first,11.991
453,2,16,1,first,13.5
454,2,16,1,first,14.171
455,2,16,1,first,11.002
456,2,16,1,first,6.114
457,2,16,1,first,9.459
458,2,16,1,first,8.52
459,2,16,1,first,10.959
460,2,16,1,first,12.345
461,2,17,1*,first,5.842
462,2,17,1*,first,5.847
463,2,17,1*,first,2.58
464,2,17,1*,first,7.631
465,2,17,1*,first,6.343
466,2,17,1*,first,5.763
467,2,17,1*,first,4.322
468,2,17,1*,first,6.45
469,2,17,1*,first,6.078
470,2,17,1*,first,4.632
471,2,18,3,first,14.99
472,2,18,3,first,9.57
473,2,18,3,first,13.309
474,2,18,3,first,12.038
475,2,18,3,first,12.427
476,2,18,3,first,12.621
477,2,18,3,first,15.172
478,2,18,3,first,20.303
479,2,18,3,first,11.486
480,2,18,3,first,12.272
481,2,19,1023,first,7.422
482,2,19,1023,first,8.925
483,2,19,1023,first,6.036
484,2,19,1023,first,16.241
485,2,19,1023,first,9.403
486,2,19,1023,first,5.266
487,2,19,1023,first,8.136
488,2,19,1023,first,12.583
489,2,19,1023,first,6.374
490,2,19,1023,first,14.312
491,2,20,5,first,12.508
492,2,20,5,first,14.159
493,2,20,5,first,8.827
494,2,20,5,first,11.059
495,2,20,5,first,15.132
496,2,20,5,first,8.348
497,2,20,5,first,6.764
498,2,20,5,first,14.859
499,2,20,5,first,5.339
500,2,20,5,first,11.909
501,2,21,18,first,11.3
502,2,21,18,first,5.153
503,2,21,18,first,10.658
504,2,21,18,first,8.365
505,2,21,18,first,6.597
506,2,21,18,first,12.039
507,2,21,18,first,8.724
508,2,21,18,first,8.336
509,2,21,18,first,6.993
510,2,21,18,first,2.607
511,2,22,7,first,10.267
512,2,22,7,first,10.059
513,2,22,7,first,9.593
514,2,22,7,first,19.236
515,2,22,7,first,12.526
516,2,22,7,first,12.149
517,2,22,7,first,14.982
518,2,22,7,first,14.418
519,2,22,7,first,13.635
520,2,22,7,first,11.009
521,2,23,17,first,11.189
522,2,23,17,first,9.059
523,2,23,17,first,10.941
524,2,23,17,first,12.481
525,2,23,17,first,10.94
526,2,23,17,first,10.169
527,2,23,17,first,9.439
528,2,23,17,first,9.376
529,2,23,17,first,9.582
530,2,23,17,first,12.494
531,2,24,9,first,13.245
532,2,24,9,first,6.322
533,2,24,9,first,3.258
534,2,24,9,first,5.132
535,2,24,9,first,9.767
536,2,24,9,first,11.768
537,2,24,9,first,12.663
538,2,24,9,first,5.629
539,2,24,9,first,9.199
540,2,24,9,first,9.09
541,2,25,22,first,6.021
542,2,25,22,first,15.944
543,2,25,22,first,4.489
544,2,25,22,first,12.519
545,2,25,22,first,15.278
546,2,25,22,first,6.71
547,2,25,22,first,6.545
548,2,25,22,first,5.68
549,2,25,22,first,10.483
550,2,25,22,first,6.732
551,2,26,32,first,4.039
552,2,26,32,first,6.299
553,2,26,32,first,8.162
554,2,26,32,first,11.711
555,2,26,32,first,12.059
556,2,26,32,first,7.413
557,2,26,32,first,5.009
558,2,26,32,first,11.104
559,2,26,32,first,8.14
560,2,26,32,first,11.128
561,2,27,12,first,9.981
562,2,27,12,first,15.142
563,2,27,12,first,10.618
564,2,27,12,first,11.752
565,2,27,12,first,17.399
566,2,27,12,first,11.606
567,2,27,12,first,6.465
568,2,27,12,first,11.069
569,2,27,12,first,10.037
570,2,27,12,first,11.561
571,2,28,139,first,10.074
572,2,28,139,first,8.481
573,2,28,139,first,3.199
574,2,28,139,first,15.684
575,2,28,139,first,5.435
576,2,28,139,first,6.42
577,2,28,139,first,11.107
578,2,28,139,first,7.898
579,2,28,139,first,8.293
580,2,28,139,first,8.613
581,2,29,14,first,2.604
582,2,29,14,first,8.049
583,2,29,14,first,6.059
584,2,29,14,first,5.047
585,2,29,14,first,7.674
586,2,29,14,first,4.06
587,2,29,14,first,10.163
588,2,29,14,first,5.209
589,2,29,14,first,5.248
590,2,29,14,first,3.666
591,2,30,25,first,4.352
592,2,30,25,first,7.726
593,2,30,25,first,6.851
594,2,30,25,first,9.932
595,2,30,25,first,4.879
596,2,30,25,first,3.137
597,2,30,25,first,2.747
598,2,30,25,first,6.301
599,2,30,25,first,15.5
600,2,30,25,first,5.318
601,2,16,1,second,4.611
602,2,16,1,second,7.688
603,2,16,1,second,6.981
604,2,16,1,second,4.445
605,2,16,1,second,3.372
606,2,16,1,second,5.79
607,2,16,1,second,7.707
608,2,16,1,second,8.698
609,2,16,1,second,5.029
610,2,16,1,second,6.588
611,2,17,1*,second,7.076
612,2,17,1*,second,3.466
613,2,17,1*,second,7.113
614,2,17,1*,second,6.713
615,2,17,1*,second,3.676
616,2,17,1*,second,5.79
617,2,17,1*,second,5.302
618,2,17,1*,second,2.194
619,2,17,1*,second,4.69
620,2,17,1*,second,8.399
621,2,18,3,second,10.568
622,2,18,3,second,9.184
623,2,18,3,second,9.759
624,2,18,3,second,11.017
625,2,18,3,second,11.926
626,2,18,3,second,7.834
627,2,18,3,second,9.053
628,2,18,3,second,10.8
629,2,18,3,second,7.341
630,2,18,3,second,8.392
631,2,19,1023,second,5.973
632,2,19,1023,second,9.295
633,2,19,1023,second,19.191
634,2,19,1023,second,15.641
635,2,19,1023,second,19.892
636,2,19,1023,second,6.755
637,2,19,1023,second,8.249
638,2,19,1023,second,16.171
639,2,19,1023,second,14.767
640,2,19,1023,second,15.271
641,2,20,5,second,8.646
642,2,20,5,second,11.567
643,2,20,5,second,13.457
644,2,20,5,second,9.872
645,2,20,5,second,11.906
646,2,20,5,second,7.966
647,2,20,5,second,8.863
648,2,20,5,second,6.829
649,2,20,5,second,7.427
650,2,20,5,second,10.299
651,2,21,18,second,0
652,2,21,18,second,0.181
653,2,21,18,second,0
654,2,21,18,second,0.26
655,2,21,18,second,0.04
656,2,21,18,second,0.65
657,2,21,18,second,0.205
658,2,21,18,second,0
659,2,21,18,second,2.372
660,2,21,18,second,2.533
661,2,22,7,second,11.868
662,2,22,7,second,14.669
663,2,22,7,second,16.21
664,2,22,7,second,12.598
665,2,22,7,second,10.428
666,2,22,7,second,14.038
667,2,22,7,second,11.107
668,2,22,7,second,8.896
669,2,22,7,second,9.744
670,2,22,7,second,9.253
671,2,23,17,second,5.471
672,2,23,17,second,15.064
673,2,23,17,second,10.355
674,2,23,17,second,13.713
675,2,23,17,second,9.011
676,2,23,17,second,9.482
677,2,23,17,second,14.072
678,2,23,17,second,7.211
679,2,23,17,second,10.155
680,2,23,17,second,4.885
681,2,24,9,second,0
682,2,24,9,second,0
683,2,24,9,second,0.142
684,2,24,9,second,0
685,2,24,9,second,0.032
686,2,24,9,second,0
687,2,24,9,second,0
688,2,24,9,second,0
689,2,24,9,second,0
690,2,24,9,second,0
691,2,25,22,second,8.171
692,2,25,22,second,13.139
693,2,25,22,second,6.857
694,2,25,22,second,11.805
695,2,25,22,second,6.526
696,2,25,22,second,6.48
697,2,25,22,second,4.803
698,2,25,22,second,9.846
699,2,25,22,second,3.966
700,2,25,22,second,13.36
701,2,26,32,second,1.169
702,2,26,32,second,4.057
703,2,26,32,second,6.228
704,2,26,32,second,3.631
705,2,26,32,second,1.354
706,2,26,32,second,1.807
707,2,26,32,second,1.573
708,2,26,32,second,3.883
709,2,26,32,second,11.823
710,2,26,32,second,6.14
711,2,27,12,second,2.291
712,2,27,12,second,3.99
713,2,27,12,second,4.723
714,2,27,12,second,2.402
715,2,27,12,second,2.425
716,2,27,12,second,1.793
717,2,27,12,second,3.513
718,2,27,12,second,2.331
719,2,27,12,second,1.696
720,2,27,12,second,0
721,2,28,139,second,2.291
722,2,28,139,second,4.464
723,2,28,139,second,6.125
724,2,28,139,second,1.247
725,2,28,139,second,0
726,2,28,139,second,0
727,2,28,139,second,0
728,2,28,139,second,0
729,2,28,139,second,2.924
730,2,28,139,second,2.833
731,2,29,14,second,3.377
732,2,29,14,second,7.036
733,2,29,14,second,6.084
734,2,29,14,second,5.337
735,2,29,14,second,4.397
736,2,29,14,second,10.836
737,2,29,14,second,14.268
738,2,29,14,second,7.247
739,2,29,14,second,11.971
740,2,29,14,second,4.63
741,2,30,25,second,0.318
742,2,30,25,second,0.584
743,2,30,25,second,0
744,2,30,25,second,0
745,2,30,25,second,2.115
746,2,30,25,second,0.671
747,2,30,25,second,0.602
748,2,30,25,second,1.045
749,2,30,25,second,0
750,2,30,25,second,0.388
751,2,16,1,third,10.679
752,2,16,1,third,13.207
753,2,16,1,third,20.46
754,2,16,1,third,17.173
755,2,16,1,third,17.781
756,2,16,1,third,9.455
757,2,16,1,third,13.165
758,2,16,1,third,12.818
759,2,16,1,third,17.734
760,2,16,1,third,13.687
761,2,17,1*,third,4.992
762,2,17,1*,third,5.946
763,2,17,1*,third,7.766
764,2,17,1*,third,7.017
765,2,17,1*,third,5.25
766,2,17,1*,third,2.647
767,2,17,1*,third,9.554
768,2,17,1*,third,11.405
769,2,17,1*,third,6.663
770,2,17,1*,third,10.815
771,2,18,3,third,16.845
772,2,18,3,third,13.664
773,2,18,3,third,11.534
774,2,18,3,third,13.309
775,2,18,3,third,20.132
776,2,18,3,third,6.378
777,2,18,3,third,13.436
778,2,18,3,third,8.433
779,2,18,3,third,13.245
780,2,18,3,third,13.284
781,2,19,1023,third,4.521
782,2,19,1023,third,3.367
783,2,19,1023,third,15.915
784,2,19,1023,third,4.49
785,2,19,1023,third,7.242
786,2,19,1023,third,2.148
787,2,19,1023,third,6.684
788,2,19,1023,third,16.226
789,2,19,1023,third,7.799
790,2,19,1023,third,6.473
791,2,20,5,third,12.536
792,2,20,5,third,15.093
793,2,20,5,third,10.086
794,2,20,5,third,19.403
795,2,20,5,third,15.356
796,2,20,5,third,11.548
797,2,20,5,third,17.162
798,2,20,5,third,20.859
799,2,20,5,third,8.54
800,2,20,5,third,21.529
801,2,21,18,third,0.385
802,2,21,18,third,1.273
803,2,21,18,third,0
804,2,21,18,third,0.219
805,2,21,18,third,0.002
806,2,21,18,third,0.002
807,2,21,18,third,0
808,2,21,18,third,0
809,2,21,18,third,0.369
810,2,21,18,third,1.453
811,2,22,7,third,0.2
812,2,22,7,third,0.059
813,2,22,7,third,3.578
814,2,22,7,third,2.062
815,2,22,7,third,2.1
816,2,22,7,third,3.951
817,2,22,7,third,2.149
818,2,22,7,third,1.159
819,2,22,7,third,1.997
820,2,22,7,third,2.295
821,2,23,17,third,0.758
822,2,23,17,third,3.505
823,2,23,17,third,1.244
824,2,23,17,third,10.523
825,2,23,17,third,3.72
826,2,23,17,third,2.328
827,2,23,17,third,0.337
828,2,23,17,third,5.606
829,2,23,17,third,7.528
830,2,23,17,third,6.492
831,2,24,9,third,0.742
832,2,24,9,third,10.714
833,2,24,9,third,1.903
834,2,24,9,third,0.366
835,2,24,9,third,4.868
836,2,24,9,third,3.913
837,2,24,9,third,1.917
838,2,24,9,third,0.144
839,2,24,9,third,10.566
840,2,24,9,third,3.555
841,2,25,22,third,6.151
842,2,25,22,third,5.741
843,2,25,22,third,5.325
844,2,25,22,third,2.62
845,2,25,22,third,8.077
846,2,25,22,third,2.769
847,2,25,22,third,0.521
848,2,25,22,third,4.222
849,2,25,22,third,1.359
850,2,25,22,third,4.546
851,2,26,32,third,7.306
852,2,26,32,third,0.587
853,2,26,32,third,1.758
854,2,26,32,third,5.775
855,2,26,32,third,12.522
856,2,26,32,third,0.614
857,2,26,32,third,5.413
858,2,26,32,third,17.541
859,2,26,32,third,8.247
860,2,26,32,third,0.649
861,2,27,12,third,4.94
862,2,27,12,third,9.473
863,2,27,12,third,2.507
864,2,27,12,third,10.664
865,2,27,12,third,0.134
866,2,27,12,third,2.06
867,2,27,12,third,1.676
868,2,27,12,third,1.148
869,2,27,12,third,2.391
870,2,27,12,third,9.091
871,2,28,139,third,2.539
872,2,28,139,third,10.196
873,2,28,139,third,4.565
874,2,28,139,third,9.644
875,2,28,139,third,0.23
876,2,28,139,third,3.347
877,2,28,139,third,0.139
878,2,28,139,third,3.975
879,2,28,139,third,9.169
880,2,28,139,third,6.439
881,2,29,14,third,6.511
882,2,29,14,third,5.145
883,2,29,14,third,9.911
884,2,29,14,third,4.518
885,2,29,14,third,2.352
886,2,29,14,third,2.759
887,2,29,14,third,1.069
888,2,29,14,third,7.243
889,2,29,14,third,10.822
890,2,29,14,third,1.805
891,2,30,25,third,2.589
892,2,30,25,third,0.917
893,2,30,25,third,2.037
894,2,30,25,third,0.374
895,2,30,25,third,1.176
896,2,30,25,third,0.848
897,2,30,25,third,1.132
898,2,30,25,third,2.009
899,2,30,25,third,2.845
900,2,30,25,third,2.849
901,3,31,1019,first,15.636
902,3,31,1019,first,16.195
903,3,31,1019,first,15.236
904,3,31,1019,first,30.476
905,3,31,1019,first,10.531
906,3,31,1019,first,6.721
907,3,31,1019,first,13.492
908,3,31,1019,first,17.925
909,3,31,1019,first,14.237
910,3,31,1019,first,17.646
911,3,32,1018,first,12.813
912,3,32,1018,first,17.23
913,3,32,1018,first,14.659
914,3,32,1018,first,13.734
915,3,32,1018,first,15.411
916,3,32,1018,first,14.659
917,3,32,1018,first,15.235
918,3,32,1018,first,13.118
919,3,32,1018,first,11.643
920,3,32,1018,first,17.247
921,3,33,1022,first,15.16
922,3,33,1022,first,16.991
923,3,33,1022,first,16.35
924,3,33,1022,first,15.693
925,3,33,1022,first,18.67
926,3,33,1022,first,9.353
927,3,33,1022,first,15.573
928,3,33,1022,first,20.115
929,3,33,1022,first,5.74
930,3,33,1022,first,13.571
931,3,34,1013,first,12.983
932,3,34,1013,first,17.575
933,3,34,1013,first,13.933
934,3,34,1013,first,13.697
935,3,34,1013,first,12.233
936,3,34,1013,first,18.396
937,3,34,1013,first,12.742
938,3,34,1013,first,13.096
939,3,34,1013,first,15.509
940,3,34,1013,first,16.528
941,3,35,1017,first,13.441
942,3,35,1017,first,14
943,3,35,1017,first,14.631
944,3,35,1017,first,11.725
945,3,35,1017,first,15.372
946,3,35,1017,first,11.197
947,3,35,1017,first,16.363
948,3,35,1017,first,10.46
949,3,35,1017,first,18.788
950,3,35,1017,first,15.597
951,3,36,6,first,20.54
952,3,36,6,first,9.516
953,3,36,6,first,10.134
954,3,36,6,first,15
955,3,36,6,first,16.887
956,3,36,6,first,17.393
957,3,36,6,first,18.116
958,3,36,6,first,17.266
959,3,36,6,first,14.847
960,3,36,6,first,16.828
961,3,37,29,first,10.341
962,3,37,29,first,7.421
963,3,37,29,first,14.806
964,3,37,29,first,8.946
965,3,37,29,first,9.649
966,3,37,29,first,10.274
967,3,37,29,first,12.143
968,3,37,29,first,16.322
969,3,37,29,first,8.382
970,3,37,29,first,9.878
971,3,38,8,first,17.666
972,3,38,8,first,12.094
973,3,38,8,first,12.501
974,3,38,8,first,17.535
975,3,38,8,first,13.373
976,3,38,8,first,3.109
977,3,38,8,first,10.014
978,3,38,8,first,13.28
979,3,38,8,first,14.295
980,3,38,8,first,18.271
981,3,39,16,first,7.339
982,3,39,16,first,14.213
983,3,39,16,first,14.351
984,3,39,16,first,14.891
985,3,39,16,first,15.483
986,3,39,16,first,6.434
987,3,39,16,first,9.331
988,3,39,16,first,14.526
989,3,39,16,first,11.461
990,3,39,16,first,11.088
991,3,40,20,first,6.419
992,3,40,20,first,9.484
993,3,40,20,first,8.087
994,3,40,20,first,5.294
995,3,40,20,first,6.371
996,3,40,20,first,9.003
997,3,40,20,first,3.182
998,3,40,20,first,5.813
999,3,40,20,first,3.75
1000,3,40,20,first,6.593
1001,3,41,24,first,3.962
1002,3,41,24,first,2.147
1003,3,41,24,first,3.276
1004,3,41,24,first,10.954
1005,3,41,24,first,7.881
1006,3,41,24,first,5.594
1007,3,41,24,first,9.65
1008,3,41,24,first,3.936
1009,3,41,24,first,5.932
1010,3,41,24,first,4.449
1011,3,42,1012,first,14.402
1012,3,42,1012,first,10.803
1013,3,42,1012,first,12.087
1014,3,42,1012,first,14.599
1015,3,42,1012,first,9.823
1016,3,42,1012,first,7.933
1017,3,42,1012,first,15.728
1018,3,42,1012,first,18.756
1019,3,42,1012,first,10.828
1020,3,42,1012,first,3.587
1021,3,43,13,first,10.964
1022,3,43,13,first,9.934
1023,3,43,13,first,13.128
1024,3,43,13,first,15.583
1025,3,43,13,first,14.666
1026,3,43,13,first,7.793
1027,3,43,13,first,15.301
1028,3,43,13,first,13.064
1029,3,43,13,first,12.842
1030,3,43,13,first,17.614
1031,3,44,33,first,13.836
1032,3,44,33,first,9.613
1033,3,44,33,first,17.415
1034,3,44,33,first,12.4
1035,3,44,33,first,15.325
1036,3,44,33,first,2.866
1037,3,44,33,first,12.757
1038,3,44,33,first,10.857
1039,3,44,33,first,16.351
1040,3,44,33,first,12.784
1041,3,45,26,first,5.328
1042,3,45,26,first,10.321
1043,3,45,26,first,6.218
1044,3,45,26,first,12.112
1045,3,45,26,first,5.185
1046,3,45,26,first,5.359
1047,3,45,26,first,8.128
1048,3,45,26,first,6.567
1049,3,45,26,first,9.487
1050,3,45,26,first,9.868
1051,3,31,1019,second,11.954
1052,3,31,1019,second,15.033
1053,3,31,1019,second,12.657
1054,3,31,1019,second,16.864
1055,3,31,1019,second,9.513
1056,3,31,1019,second,19.719
1057,3,31,1019,second,9.663
1058,3,31,1019,second,18.551
1059,3,31,1019,second,13.382
1060,3,31,1019,second,11.964
1061,3,32,1018,second,15.936
1062,3,32,1018,second,9.334
1063,3,32,1018,second,16.979
1064,3,32,1018,second,10.528
1065,3,32,1018,second,14.756
1066,3,32,1018,second,15.952
1067,3,32,1018,second,11.548
1068,3,32,1018,second,8.18
1069,3,32,1018,second,14.344
1070,3,32,1018,second,13.029
1071,3,33,1022,second,14.262
1072,3,33,1022,second,12.52
1073,3,33,1022,second,14.34
1074,3,33,1022,second,18.269
1075,3,33,1022,second,11.285
1076,3,33,1022,second,19.064
1077,3,33,1022,second,25.697
1078,3,33,1022,second,12.257
1079,3,33,1022,second,13.377
1080,3,33,1022,second,6.35
1081,3,34,1013,second,8.716
1082,3,34,1013,second,14.32
1083,3,34,1013,second,14.049
1084,3,34,1013,second,14.861
1085,3,34,1013,second,13.651
1086,3,34,1013,second,12.203
1087,3,34,1013,second,5.738
1088,3,34,1013,second,18.107
1089,3,34,1013,second,11.373
1090,3,34,1013,second,13.94
1091,3,35,1017,second,11.627
1092,3,35,1017,second,7.405
1093,3,35,1017,second,10.605
1094,3,35,1017,second,22.151
1095,3,35,1017,second,21.326
1096,3,35,1017,second,10.798
1097,3,35,1017,second,14.358
1098,3,35,1017,second,8.471
1099,3,35,1017,second,13.457
1100,3,35,1017,second,15.386
1101,3,36,6,second,12.158
1102,3,36,6,second,10.354
1103,3,36,6,second,10.782
1104,3,36,6,second,13.711
1105,3,36,6,second,17.59
1106,3,36,6,second,14.117
1107,3,36,6,second,16.887
1108,3,36,6,second,13.444
1109,3,36,6,second,19.051
1110,3,36,6,second,13.79
1111,3,37,29,second,7.118
1112,3,37,29,second,8.215
1113,3,37,29,second,14.13
1114,3,37,29,second,16.104
1115,3,37,29,second,19.432
1116,3,37,29,second,10.159
1117,3,37,29,second,8.713
1118,3,37,29,second,11.585
1119,3,37,29,second,10.389
1120,3,37,29,second,10.544
1121,3,38,8,second,14.482
1122,3,38,8,second,8.378
1123,3,38,8,second,9.485
1124,3,38,8,second,12.581
1125,3,38,8,second,17.337
1126,3,38,8,second,15.933
1127,3,38,8,second,15.313
1128,3,38,8,second,16.299
1129,3,38,8,second,15.121
1130,3,38,8,second,15.631
1131,3,39,16,second,10.585
1132,3,39,16,second,7.297
1133,3,39,16,second,11.879
1134,3,39,16,second,16.03
1135,3,39,16,second,10.462
1136,3,39,16,second,7.769
1137,3,39,16,second,11.214
1138,3,39,16,second,18.077
1139,3,39,16,second,13.685
1140,3,39,16,second,13.529
1141,3,40,20,second,9.11
1142,3,40,20,second,12.972
1143,3,40,20,second,10.006
1144,3,40,20,second,10.981
1145,3,40,20,second,7.959
1146,3,40,20,second,7.342
1147,3,40,20,second,13.408
1148,3,40,20,second,13.691
1149,3,40,20,second,8.727
1150,3,40,20,second,16.838
1151,3,41,24,second,8.78
1152,3,41,24,second,6.247
1153,3,41,24,second,1.687
1154,3,41,24,second,8.047
1155,3,41,24,second,7.233
1156,3,41,24,second,7.616
1157,3,41,24,second,3.698
1158,3,41,24,second,7.804
1159,3,41,24,second,8.498
1160,3,41,24,second,8.638
1161,3,42,1012,second,9.562
1162,3,42,1012,second,13.306
1163,3,42,1012,second,8.33
1164,3,42,1012,second,10.012
1165,3,42,1012,second,13.378
1166,3,42,1012,second,7.867
1167,3,42,1012,second,10.259
1168,3,42,1012,second,14.634
1169,3,42,1012,second,13.206
1170,3,42,1012,second,9.191
1171,3,43,13,second,13.864
1172,3,43,13,second,16.199
1173,3,43,13,second,8.899
1174,3,43,13,second,21.126
1175,3,43,13,second,13.079
1176,3,43,13,second,10.575
1177,3,43,13,second,13.555
1178,3,43,13,second,14.605
1179,3,43,13,second,14.2
1180,3,43,13,second,14.258
1181,3,44,33,second,9.778
1182,3,44,33,second,13.312
1183,3,44,33,second,6.207
1184,3,44,33,second,13.194
1185,3,44,33,second,11.716
1186,3,44,33,second,9.627
1187,3,44,33,second,19.483
1188,3,44,33,second,10.309
1189,3,44,33,second,14.001
1190,3,44,33,second,7.851
1191,3,45,26,second,12.956
1192,3,45,26,second,7.643
1193,3,45,26,second,13.297
1194,3,45,26,second,14.402
1195,3,45,26,second,8.437
1196,3,45,26,second,14.458
1197,3,45,26,second,11.977
1198,3,45,26,second,9.615
1199,3,45,26,second,13.091
1200,3,45,26,second,11.719
1201,3,31,1019,third,3.888
1202,3,31,1019,third,10.494
1203,3,31,1019,third,1.546
1204,3,31,1019,third,20.79
1205,3,31,1019,third,6.25
1206,3,31,1019,third,7.144
1207,3,31,1019,third,10.476
1208,3,31,1019,third,5.322
1209,3,31,1019,third,7.057
1210,3,31,1019,third,8.595
1211,3,32,1018,third,6.82
1212,3,32,1018,third,12.569
1213,3,32,1018,third,5.253
1214,3,32,1018,third,12.066
1215,3,32,1018,third,6.794
1216,3,32,1018,third,10.456
1217,3,32,1018,third,11.722
1218,3,32,1018,third,6.715
1219,3,32,1018,third,5.814
1220,3,32,1018,third,9.464
1221,3,33,1022,third,1.482
1222,3,33,1022,third,16.171
1223,3,33,1022,third,3.719
1224,3,33,1022,third,6.21
1225,3,33,1022,third,8.81
1226,3,33,1022,third,3.14
1227,3,33,1022,third,8.154
1228,3,33,1022,third,5.027
1229,3,33,1022,third,7.106
1230,3,33,1022,third,7.888
1231,3,34,1013,third,7.087
1232,3,34,1013,third,7.824
1233,3,34,1013,third,10.542
1234,3,34,1013,third,7.746
1235,3,34,1013,third,16.574
1236,3,34,1013,third,12.941
1237,3,34,1013,third,8.891
1238,3,34,1013,third,5.829
1239,3,34,1013,third,12.898
1240,3,34,1013,third,15.625
1241,3,35,1017,third,4.14
1242,3,35,1017,third,5.874
1243,3,35,1017,third,2.614
1244,3,35,1017,third,17.038
1245,3,35,1017,third,10.777
1246,3,35,1017,third,7.559
1247,3,35,1017,third,5.147
1248,3,35,1017,third,12.218
1249,3,35,1017,third,9.774
1250,3,35,1017,third,8.581
1251,3,36,6,third,4.101
1252,3,36,6,third,6.38
1253,3,36,6,third,9.695
1254,3,36,6,third,9.021
1255,3,36,6,third,10.842
1256,3,36,6,third,4.54
1257,3,36,6,third,10.619
1258,3,36,6,third,9.153
1259,3,36,6,third,11.112
1260,3,36,6,third,12.538
1261,3,37,29,third,2.392
1262,3,37,29,third,2.994
1263,3,37,29,third,4.001
1264,3,37,29,third,2.395
1265,3,37,29,third,11.466
1266,3,37,29,third,2.997
1267,3,37,29,third,1.061
1268,3,37,29,third,6.618
1269,3,37,29,third,1.718
1270,3,37,29,third,1.073
1271,3,38,8,third,6.223
1272,3,38,8,third,4.335
1273,3,38,8,third,9.846
1274,3,38,8,third,11.087
1275,3,38,8,third,11.565
1276,3,38,8,third,4.512
1277,3,38,8,third,4.803
1278,3,38,8,third,9.852
1279,3,38,8,third,8.837
1280,3,38,8,third,1.875
1281,3,39,16,third,1.76
1282,3,39,16,third,6.03
1283,3,39,16,third,10.655
1284,3,39,16,third,9.962
1285,3,39,16,third,5.546
1286,3,39,16,third,2.554
1287,3,39,16,third,3.516
1288,3,39,16,third,3.406
1289,3,39,16,third,9.424
1290,3,39,16,third,2.768
1291,3,40,20,third,0.71
1292,3,40,20,third,4.896
1293,3,40,20,third,5.201
1294,3,40,20,third,0.756
1295,3,40,20,third,2.433
1296,3,40,20,third,0.496
1297,3,40,20,third,9.657
1298,3,40,20,third,3.475
1299,3,40,20,third,5.22
1300,3,40,20,third,9.239
1301,3,41,24,third,0.112
1302,3,41,24,third,2.889
1303,3,41,24,third,0.286
1304,3,41,24,third,1.606
1305,3,41,24,third,1.158
1306,3,41,24,third,0.772
1307,3,41,24,third,0.987
1308,3,41,24,third,3.516
1309,3,41,24,third,3.055
1310,3,41,24,third,2.566
1311,3,42,1012,third,6.135
1312,3,42,1012,third,10.077
1313,3,42,1012,third,12.46
1314,3,42,1012,third,4.815
1315,3,42,1012,third,7.487
1316,3,42,1012,third,5.146
1317,3,42,1012,third,3.11
1318,3,42,1012,third,9.788
1319,3,42,1012,third,3.332
1320,3,42,1012,third,6.938
1321,3,43,13,third,2.65
1322,3,43,13,third,11.329
1323,3,43,13,third,4.408
1324,3,43,13,third,12.74
1325,3,43,13,third,7.279
1326,3,43,13,third,9.196
1327,3,43,13,third,9.282
1328,3,43,13,third,9.938
1329,3,43,13,third,5.452
1330,3,43,13,third,3.185
1331,3,44,33,third,0.674
1332,3,44,33,third,4.051
1333,3,44,33,third,3.541
1334,3,44,33,third,2.345
1335,3,44,33,third,6.385
1336,3,44,33,third,1.398
1337,3,44,33,third,2.967
1338,3,44,33,third,4.036
1339,3,44,33,third,3.669
1340,3,44,33,third,2.188
1341,3,45,26,third,1.195
1342,3,45,26,third,0.242
1343,3,45,26,third,3.763
1344,3,45,26,third,1.582
1345,3,45,26,third,1.623
1346,3,45,26,third,0.494
1347,3,45,26,third,0.091
1348,3,45,26,third,1.631
1349,3,45,26,third,0.967
1350,3,45,26,third,0.967
1351,4,46,399A,first,12.383
1352,4,46,399A,first,12.951
1353,4,46,399A,first,8.064
1354,4,46,399A,first,10.776
1355,4,46,399A,first,13.367
1356,4,46,399A,first,13.942
1357,4,46,399A,first,6.061
1358,4,46,399A,first,11.01
1359,4,46,399A,first,11.751
1360,4,46,399A,first,14.394
1361,4,47,399B,first,14.632
1362,4,47,399B,first,5.462
1363,4,47,399B,first,11.268
1364,4,47,399B,first,11.149
1365,4,47,399B,first,16.316
1366,4,47,399B,first,13.328
1367,4,47,399B,first,13.779
1368,4,47,399B,first,8.658
1369,4,47,399B,first,15.73
1370,4,47,399B,first,11.323
1371,4,48,834A,first,12.385
1372,4,48,834A,first,11.574
1373,4,48,834A,first,17.43
1374,4,48,834A,first,15.926
1375,4,48,834A,first,13.832
1376,4,48,834A,first,18.213
1377,4,48,834A,first,16.121
1378,4,48,834A,first,12.587
1379,4,48,834A,first,13.678
1380,4,48,834A,first,13.093
1381,4,49,289,first,10.024
1382,4,49,289,first,6.407
1383,4,49,289,first,14.949
1384,4,49,289,first,13.264
1385,4,49,289,first,5.996
1386,4,49,289,first,13.334
1387,4,49,289,first,7.178
1388,4,49,289,first,13.214
1389,4,49,289,first,14.867
1390,4,49,289,first,10.434
1391,4,50,267,first,11.718
1392,4,50,267,first,13.078
1393,4,50,267,first,14.995
1394,4,50,267,first,21.389
1395,4,50,267,first,16.716
1396,4,50,267,first,20.5
1397,4,50,267,first,16.524
1398,4,50,267,first,9.736
1399,4,50,267,first,11.98
1400,4,50,267,first,10.608
1401,4,51,264,first,18.439
1402,4,51,264,first,2.793
1403,4,51,264,first,9.536
1404,4,51,264,first,13.133
1405,4,51,264,first,9.622
1406,4,51,264,first,11.416
1407,4,51,264,first,11.527
1408,4,51,264,first,17.914
1409,4,51,264,first,12.886
1410,4,51,264,first,10.637
1411,4,52,293A,first,14.583
1412,4,52,293A,first,10.965
1413,4,52,293A,first,10.403
1414,4,52,293A,first,9.467
1415,4,52,293A,first,13.018
1416,4,52,293A,first,14.533
1417,4,52,293A,first,13.592
1418,4,52,293A,first,7.643
1419,4,52,293A,first,13.298
1420,4,52,293A,first,7.958
1421,4,53,293B,first,16.589
1422,4,53,293B,first,17.666
1423,4,53,293B,first,17.369
1424,4,53,293B,first,18.495
1425,4,53,293B,first,13.909
1426,4,53,293B,first,7.394
1427,4,53,293B,first,17.611
1428,4,53,293B,first,12.922
1429,4,53,293B,first,13.839
1430,4,53,293B,first,15.805
1431,4,54,293C,first,14.904
1432,4,54,293C,first,14.884
1433,4,54,293C,first,8.979
1434,4,54,293C,first,17.682
1435,4,54,293C,first,15.331
1436,4,54,293C,first,14.939
1437,4,54,293C,first,10.38
1438,4,54,293C,first,14.763
1439,4,54,293C,first,13.777
1440,4,54,293C,first,11.251
1441,4,55,293D,first,7.39
1442,4,55,293D,first,12.467
1443,4,55,293D,first,9.369
1444,4,55,293D,first,14.86
1445,4,55,293D,first,14.222
1446,4,55,293D,first,23.446
1447,4,55,293D,first,19.506
1448,4,55,293D,first,11.391
1449,4,55,293D,first,8.9
1450,4,55,293D,first,13.075
1451,4,56,293E,first,9.585
1452,4,56,293E,first,7.32
1453,4,56,293E,first,15.437
1454,4,56,293E,first,15.999
1455,4,56,293E,first,8.889
1456,4,56,293E,first,10.444
1457,4,56,293E,first,1.249
1458,4,56,293E,first,11.665
1459,4,56,293E,first,13.559
1460,4,56,293E,first,12.212
1461,4,57,975C,first,13.278
1462,4,57,975C,first,9.987
1463,4,57,975C,first,16.995
1464,4,57,975C,first,14.517
1465,4,57,975C,first,16.721
1466,4,57,975C,first,13
1467,4,57,975C,first,10.094
1468,4,57,975C,first,11.648
1469,4,57,975C,first,14.339
1470,4,57,975C,first,15.467
1471,4,58,979C,first,6.916
1472,4,58,979C,first,8.309
1473,4,58,979C,first,14.135
1474,4,58,979C,first,10.116
1475,4,58,979C,first,15.226
1476,4,58,979C,first,12.609
1477,4,58,979C,first,14.755
1478,4,58,979C,first,12.227
1479,4,58,979C,first,12.674
1480,4,58,979C,first,13.422
1481,4,59,1022,first,15.041
1482,4,59,1022,first,11.311
1483,4,59,1022,first,13.522
1484,4,59,1022,first,16.443
1485,4,59,1022,first,12.057
1486,4,59,1022,first,19.24
1487,4,59,1022,first,14.319
1488,4,59,1022,first,15.209
1489,4,59,1022,first,14.128
1490,4,59,1022,first,13.338
1491,4,60,978B,first,4.24
1492,4,60,978B,first,4.03
1493,4,60,978B,first,4.164
1494,4,60,978B,first,2.294
1495,4,60,978B,first,3.193
1496,4,60,978B,first,2.976
1497,4,60,978B,first,2.43
1498,4,60,978B,first,5.935
1499,4,60,978B,first,4.439
1500,4,60,978B,first,2.819
1501,4,61,978D,first,6.455
1502,4,61,978D,first,4.86
1503,4,61,978D,first,3.365
1504,4,61,978D,first,5.25
1505,4,61,978D,first,2.935
1506,4,61,978D,first,2.682
1507,4,61,978D,first,4.139
1508,4,61,978D,first,2.527
1509,4,61,978D,first,7.168
1510,4,61,978D,first,3.297
1511,4,62,15,first,6.028
1512,4,62,15,first,3.386
1513,4,62,15,first,7.67
1514,4,62,15,first,9.371
1515,4,62,15,first,11.435
1516,4,62,15,first,13.596
1517,4,62,15,first,11.836
1518,4,62,15,first,12.944
1519,4,62,15,first,12.385
1520,4,62,15,first,9.568
1521,4,63,977A,first,6.901
1522,4,63,977A,first,3.877
1523,4,63,977A,first,2.459
1524,4,63,977A,first,2.033
1525,4,63,977A,first,2.016
1526,4,63,977A,first,2.695
1527,4,63,977A,first,3.477
1528,4,63,977A,first,15.015
1529,4,63,977A,first,4.735
1530,4,63,977A,first,4.115
1531,4,64,977C,first,11.765
1532,4,64,977C,first,6.044
1533,4,64,977C,first,12.826
1534,4,64,977C,first,21.992
1535,4,64,977C,first,13.158
1536,4,64,977C,first,10.985
1537,4,64,977C,first,8.332
1538,4,64,977C,first,12.086
1539,4,64,977C,first,22.488
1540,4,64,977C,first,10.891
1541,4,65,977D,first,10.483
1542,4,65,977D,first,7.951
1543,4,65,977D,first,10.283
1544,4,65,977D,first,17.316
1545,4,65,977D,first,9.38
1546,4,65,977D,first,11.42
1547,4,65,977D,first,18.402
1548,4,65,977D,first,12.522
1549,4,65,977D,first,9.792
1550,4,65,977D,first,13.992
1551,4,66,977E,first,12.83
1552,4,66,977E,first,13.259
1553,4,66,977E,first,13.442
1554,4,66,977E,first,14.754
1555,4,66,977E,first,18.016
1556,4,66,977E,first,9.937
1557,4,66,977E,first,8.672
1558,4,66,977E,first,12.791
1559,4,66,977E,first,6.592
1560,4,66,977E,first,6.331
1561,4,67,1017,first,14.84
1562,4,67,1017,first,8.518
1563,4,67,1017,first,13.012
1564,4,67,1017,first,6.953
1565,4,67,1017,first,9.06
1566,4,67,1017,first,15.336
1567,4,67,1017,first,5.184
1568,4,67,1017,first,15.291
1569,4,67,1017,first,19.016
1570,4,67,1017,first,21.017
1571,4,68,1021,first,11.241
1572,4,68,1021,first,10.692
1573,4,68,1021,first,13.969
1574,4,68,1021,first,15.177
1575,4,68,1021,first,9.674
1576,4,68,1021,first,10.06
1577,4,68,1021,first,18.522
1578,4,68,1021,first,21.237
1579,4,68,1021,first,13.446
1580,4,68,1021,first,11.75
1581,4,69,1018,first,16.645
1582,4,69,1018,first,6.233
1583,4,69,1018,first,16.003
1584,4,69,1018,first,9.399
1585,4,69,1018,first,9.833
1586,4,69,1018,first,12.909
1587,4,69,1018,first,11.548
1588,4,69,1018,first,6.599
1589,4,69,1018,first,11.1
1590,4,69,1018,first,11.9
1591,4,70,978A,first,12.461
1592,4,70,978A,first,8.304
1593,4,70,978A,first,10.304
1594,4,70,978A,first,7.318
1595,4,70,978A,first,15.276
1596,4,70,978A,first,11.617
1597,4,70,978A,first,7.602
1598,4,70,978A,first,4.274
1599,4,70,978A,first,0.002
1600,4,70,978A,first,13.94
1601,4,46,399A,second,2.538
1602,4,46,399A,second,10.246
1603,4,46,399A,second,3.832
1604,4,46,399A,second,3.33
1605,4,46,399A,second,5.147
1606,4,46,399A,second,13.574
1607,4,46,399A,second,10.028
1608,4,46,399A,second,6.867
1609,4,46,399A,second,3.381
1610,4,46,399A,second,3.852
1611,4,47,399B,second,4.079
1612,4,47,399B,second,4.854
1613,4,47,399B,second,4.318
1614,4,47,399B,second,5.411
1615,4,47,399B,second,9.153
1616,4,47,399B,second,6.745
1617,4,47,399B,second,11.487
1618,4,47,399B,second,6.528
1619,4,47,399B,second,5.395
1620,4,47,399B,second,5.079
1621,4,48,834A,second,2.567
1622,4,48,834A,second,3.466
1623,4,48,834A,second,4.698
1624,4,48,834A,second,3.914
1625,4,48,834A,second,5.953
1626,4,48,834A,second,12.014
1627,4,48,834A,second,4.292
1628,4,48,834A,second,5.95
1629,4,48,834A,second,9.658
1630,4,48,834A,second,6.913
1631,4,49,289,second,2.689
1632,4,49,289,second,5.149
1633,4,49,289,second,7.283
1634,4,49,289,second,6.17
1635,4,49,289,second,9.12
1636,4,49,289,second,9.953
1637,4,49,289,second,8.133
1638,4,49,289,second,6.523
1639,4,49,289,second,10.699
1640,4,49,289,second,11.125
1641,4,50,267,second,6.481
1642,4,50,267,second,11.302
1643,4,50,267,second,12.342
1644,4,50,267,second,3.892
1645,4,50,267,second,11.66
1646,4,50,267,second,5.913
1647,4,50,267,second,6.475
1648,4,50,267,second,15.054
1649,4,50,267,second,9.439
1650,4,50,267,second,4.969
1651,4,51,264,second,3.476
1652,4,51,264,second,8.744
1653,4,51,264,second,2.728
1654,4,51,264,second,1.362
1655,4,51,264,second,2.514
1656,4,51,264,second,2.321
1657,4,51,264,second,1.48
1658,4,51,264,second,2.695
1659,4,51,264,second,9.536
1660,4,51,264,second,2.929
1661,4,52,293A,second,1.674
1662,4,52,293A,second,4.547
1663,4,52,293A,second,6.317
1664,4,52,293A,second,2.738
1665,4,52,293A,second,1.144
1666,4,52,293A,second,1.013
1667,4,52,293A,second,8.797
1668,4,52,293A,second,3.663
1669,4,52,293A,second,6.76
1670,4,52,293A,second,2.658
1671,4,53,293B,second,5.225
1672,4,53,293B,second,1.28
1673,4,53,293B,second,5.52
1674,4,53,293B,second,8.154
1675,4,53,293B,second,4.845
1676,4,53,293B,second,6.657
1677,4,53,293B,second,1.855
1678,4,53,293B,second,11.218
1679,4,53,293B,second,5.594
1680,4,53,293B,second,1.917
1681,4,54,293C,second,1.253
1682,4,54,293C,second,3.156
1683,4,54,293C,second,11.609
1684,4,54,293C,second,2.523
1685,4,54,293C,second,4.195
1686,4,54,293C,second,11.876
1687,4,54,293C,second,2.326
1688,4,54,293C,second,3.393
1689,4,54,293C,second,2.287
1690,4,54,293C,second,7.542
1691,4,55,293D,second,0.582
1692,4,55,293D,second,5.091
1693,4,55,293D,second,0.968
1694,4,55,293D,second,5.117
1695,4,55,293D,second,2.337
1696,4,55,293D,second,2.403
1697,4,55,293D,second,0.001
1698,4,55,293D,second,0.596
1699,4,55,293D,second,0.376
1700,4,55,293D,second,1.165
1701,4,56,293E,second,6.434
1702,4,56,293E,second,10.075
1703,4,56,293E,second,7.184
1704,4,56,293E,second,8.643
1705,4,56,293E,second,7.8
1706,4,56,293E,second,4.718
1707,4,56,293E,second,5.323
1708,4,56,293E,second,7.27
1709,4,56,293E,second,11.33
1710,4,56,293E,second,9.207
1711,4,57,975C,second,4.334
1712,4,57,975C,second,0.905
1713,4,57,975C,second,0.5
1714,4,57,975C,second,7.171
1715,4,57,975C,second,8.036
1716,4,57,975C,second,2.436
1717,4,57,975C,second,6.106
1718,4,57,975C,second,0.796
1719,4,57,975C,second,5.173
1720,4,57,975C,second,1.248
1721,4,58,979C,second,7.551
1722,4,58,979C,second,10.588
1723,4,58,979C,second,11.889
1724,4,58,979C,second,7.377
1725,4,58,979C,second,15.963
1726,4,58,979C,second,12.38
1727,4,58,979C,second,14.219
1728,4,58,979C,second,6.477
1729,4,58,979C,second,13.058
1730,4,58,979C,second,13.712
1731,4,59,1022,second,10.258
1732,4,59,1022,second,9.027
1733,4,59,1022,second,6.431
1734,4,59,1022,second,11.622
1735,4,59,1022,second,12.842
1736,4,59,1022,second,12.108
1737,4,59,1022,second,10.944
1738,4,59,1022,second,11.796
1739,4,59,1022,second,16.749
1740,4,59,1022,second,6.558
1741,4,60,978B,second,2.482
1742,4,60,978B,second,2.666
1743,4,60,978B,second,2.245
1744,4,60,978B,second,2.694
1745,4,60,978B,second,4.247
1746,4,60,978B,second,2.723
1747,4,60,978B,second,3.407
1748,4,60,978B,second,6.925
1749,4,60,978B,second,3.874
1750,4,60,978B,second,3.531
1751,4,61,978D,second,3.537
1752,4,61,978D,second,6.57
1753,4,61,978D,second,2.588
1754,4,61,978D,second,2.302
1755,4,61,978D,second,3.662
1756,4,61,978D,second,2.407
1757,4,61,978D,second,3.906
1758,4,61,978D,second,3.976
1759,4,61,978D,second,2.655
1760,4,61,978D,second,3.105
1761,4,62,15,second,11.165
1762,4,62,15,second,10.335
1763,4,62,15,second,9.43
1764,4,62,15,second,7.525
1765,4,62,15,second,6.797
1766,4,62,15,second,12.049
1767,4,62,15,second,5.513
1768,4,62,15,second,10.956
1769,4,62,15,second,12.797
1770,4,62,15,second,10.437
1771,4,63,977A,second,13.032
1772,4,63,977A,second,13.124
1773,4,63,977A,second,17.01
1774,4,63,977A,second,8.465
1775,4,63,977A,second,10.309
1776,4,63,977A,second,15.484
1777,4,63,977A,second,10.953
1778,4,63,977A,second,7.954
1779,4,63,977A,second,10.68
1780,4,63,977A,second,17.517
1781,4,64,977C,second,5.105
1782,4,64,977C,second,7.625
1783,4,64,977C,second,11.218
1784,4,64,977C,second,11.247
1785,4,64,977C,second,15.879
1786,4,64,977C,second,14.005
1787,4,64,977C,second,6.3
1788,4,64,977C,second,13.807
1789,4,64,977C,second,10.944
1790,4,64,977C,second,16.521
1791,4,65,977D,second,9.323
1792,4,65,977D,second,9.613
1793,4,65,977D,second,10.422
1794,4,65,977D,second,14.38
1795,4,65,977D,second,15.52
1796,4,65,977D,second,14.019
1797,4,65,977D,second,5.241
1798,4,65,977D,second,8.899
1799,4,65,977D,second,7.117
1800,4,65,977D,second,15.129
1801,4,66,977E,second,10.152
1802,4,66,977E,second,12.951
1803,4,66,977E,second,7.748
1804,4,66,977E,second,9.544
1805,4,66,977E,second,11.637
1806,4,66,977E,second,6.875
1807,4,66,977E,second,3.209
1808,4,66,977E,second,5.624
1809,4,66,977E,second,9.863
1810,4,66,977E,second,13.333
1811,4,67,1017,second,3.633
1812,4,67,1017,second,9.944
1813,4,67,1017,second,13.648
1814,4,67,1017,second,6.666
1815,4,67,1017,second,11.037
1816,4,67,1017,second,9.304
1817,4,67,1017,second,7.096
1818,4,67,1017,second,6.07
1819,4,67,1017,second,5.34
1820,4,67,1017,second,4.845
1821,4,68,1021,second,12.217
1822,4,68,1021,second,10.418
1823,4,68,1021,second,10.413
1824,4,68,1021,second,11.373
1825,4,68,1021,second,11.062
1826,4,68,1021,second,16.866
1827,4,68,1021,second,11.966
1828,4,68,1021,second,9.693
1829,4,68,1021,second,11.63
1830,4,68,1021,second,22.059
1831,4,69,1018,second,7.092
1832,4,69,1018,second,11.644
1833,4,69,1018,second,9.217
1834,4,69,1018,second,5.62
1835,4,69,1018,second,15.908
1836,4,69,1018,second,6.761
1837,4,69,1018,second,11.455
1838,4,69,1018,second,9.432
1839,4,69,1018,second,7.511
1840,4,69,1018,second,17.342
1841,4,70,978A,second,4.261
1842,4,70,978A,second,4.608
1843,4,70,978A,second,7.899
1844,4,70,978A,second,8.923
1845,4,70,978A,second,9.95
1846,4,70,978A,second,6.348
1847,4,70,978A,second,5.559
1848,4,70,978A,second,14.045
1849,4,70,978A,second,4.036
1850,4,70,978A,second,4.052
1851,4,46,399A,third,16.146
1852,4,46,399A,third,8.155
1853,4,46,399A,third,12.442
1854,4,46,399A,third,14.178
1855,4,46,399A,third,1.214
1856,4,46,399A,third,11.907
1857,4,46,399A,third,7.819
1858,4,46,399A,third,11.769
1859,4,46,399A,third,10.898
1860,4,46,399A,third,11.243
1861,4,47,399B,third,6.908
1862,4,47,399B,third,3.155
1863,4,47,399B,third,3.631
1864,4,47,399B,third,3.693
1865,4,47,399B,third,4.802
1866,4,47,399B,third,7.429
1867,4,47,399B,third,13.439
1868,4,47,399B,third,10.879
1869,4,47,399B,third,10.605
1870,4,47,399B,third,9.058
1871,4,48,834A,third,5.617
1872,4,48,834A,third,11.545
1873,4,48,834A,third,11.882
1874,4,48,834A,third,7.59
1875,4,48,834A,third,7.934
1876,4,48,834A,third,17.199
1877,4,48,834A,third,6.213
1878,4,48,834A,third,12.26
1879,4,48,834A,third,13.149
1880,4,48,834A,third,12.765
1881,4,49,289,third,3.372
1882,4,49,289,third,4.63
1883,4,49,289,third,2.155
1884,4,49,289,third,5.508
1885,4,49,289,third,4.487
1886,4,49,289,third,3.993
1887,4,49,289,third,0.81
1888,4,49,289,third,6.969
1889,4,49,289,third,5.426
1890,4,49,289,third,8.601
1891,4,50,267,third,5.331
1892,4,50,267,third,6.896
1893,4,50,267,third,16.146
1894,4,50,267,third,14.655
1895,4,50,267,third,15.419
1896,4,50,267,third,13.053
1897,4,50,267,third,2.763
1898,4,50,267,third,8.692
1899,4,50,267,third,19.335
1900,4,50,267,third,14.159
1901,4,51,264,third,2.141
1902,4,51,264,third,8.009
1903,4,51,264,third,5.034
1904,4,51,264,third,1.795
1905,4,51,264,third,7.857
1906,4,51,264,third,15.943
1907,4,51,264,third,2.208
1908,4,51,264,third,10.706
1909,4,51,264,third,11.184
1910,4,51,264,third,14.144
1911,4,52,293A,third,4.588
1912,4,52,293A,third,14.462
1913,4,52,293A,third,7.017
1914,4,52,293A,third,5.633
1915,4,52,293A,third,3.772
1916,4,52,293A,third,3.499
1917,4,52,293A,third,10.999
1918,4,52,293A,third,7.163
1919,4,52,293A,third,15.856
1920,4,52,293A,third,13.38
1921,4,53,293B,third,7.865
1922,4,53,293B,third,6.531
1923,4,53,293B,third,11.451
1924,4,53,293B,third,16.245
1925,4,53,293B,third,9.131
1926,4,53,293B,third,16.623
1927,4,53,293B,third,9.687
1928,4,53,293B,third,11.558
1929,4,53,293B,third,17.957
1930,4,53,293B,third,7.361
1931,4,54,293C,third,10.463
1932,4,54,293C,third,5.605
1933,4,54,293C,third,14.803
1934,4,54,293C,third,2.409
1935,4,54,293C,third,12.159
1936,4,54,293C,third,7.245
1937,4,54,293C,third,6.194
1938,4,54,293C,third,11.337
1939,4,54,293C,third,5.444
1940,4,54,293C,third,13.882
1941,4,55,293D,third,5.028
1942,4,55,293D,third,6.585
1943,4,55,293D,third,6.862
1944,4,55,293D,third,5.464
1945,4,55,293D,third,6.653
1946,4,55,293D,third,5.34
1947,4,55,293D,third,14.147
1948,4,55,293D,third,9.705
1949,4,55,293D,third,15.909
1950,4,55,293D,third,6.466
1951,4,56,293E,third,2.271
1952,4,56,293E,third,3.999
1953,4,56,293E,third,1.191
1954,4,56,293E,third,5.287
1955,4,56,293E,third,5.535
1956,4,56,293E,third,4.688
1957,4,56,293E,third,1.482
1958,4,56,293E,third,3.4
1959,4,56,293E,third,2.095
1960,4,56,293E,third,8.458
1961,4,57,975C,third,0.93
1962,4,57,975C,third,5.532
1963,4,57,975C,third,7.283
1964,4,57,975C,third,0.524
1965,4,57,975C,third,6.714
1966,4,57,975C,third,6.248
1967,4,57,975C,third,2.183
1968,4,57,975C,third,7.519
1969,4,57,975C,third,9.707
1970,4,57,975C,third,3.994
1971,4,58,979C,third,0.844
1972,4,58,979C,third,1.318
1973,4,58,979C,third,0.001
1974,4,58,979C,third,0.309
1975,4,58,979C,third,1.079
1976,4,58,979C,third,1.104
1977,4,58,979C,third,0.087
1978,4,58,979C,third,0.002
1979,4,58,979C,third,0.284
1980,4,58,979C,third,0.304
1981,4,59,1022,third,0.561
1982,4,59,1022,third,0.282
1983,4,59,1022,third,3.518
1984,4,59,1022,third,0.722
1985,4,59,1022,third,9.37
1986,4,59,1022,third,0.349
1987,4,59,1022,third,3.388
1988,4,59,1022,third,4.9
1989,4,59,1022,third,1.818
1990,4,59,1022,third,4.17
1991,4,60,978B,third,1.79
1992,4,60,978B,third,0.682
1993,4,60,978B,third,3.396
1994,4,60,978B,third,1.754
1995,4,60,978B,third,2.21
1996,4,60,978B,third,1.18
1997,4,60,978B,third,0.848
1998,4,60,978B,third,1.69
1999,4,60,978B,third,2.093
2000,4,60,978B,third,3
2001,4,61,978D,third,2.168
2002,4,61,978D,third,1.544
2003,4,61,978D,third,0.094
2004,4,61,978D,third,2.451
2005,4,61,978D,third,0.369
2006,4,61,978D,third,0.334
2007,4,61,978D,third,0.475
2008,4,61,978D,third,3.721
2009,4,61,978D,third,2.796
2010,4,61,978D,third,1.895
2011,4,62,15,third,0.355
2012,4,62,15,third,1.764
2013,4,62,15,third,7.234
2014,4,62,15,third,1.045
2015,4,62,15,third,4.731
2016,4,62,15,third,7.577
2017,4,62,15,third,4.523
2018,4,62,15,third,6.26
2019,4,62,15,third,6.721
2020,4,62,15,third,0.485
2021,4,63,977A,third,0.108
2022,4,63,977A,third,1.361
2023,4,63,977A,third,0.002
2024,4,63,977A,third,0.001
2025,4,63,977A,third,5.732
2026,4,63,977A,third,6.584
2027,4,63,977A,third,4.127
2028,4,63,977A,third,3.332
2029,4,63,977A,third,8.338
2030,4,63,977A,third,4.928
2031,4,64,977C,third,0.016
2032,4,64,977C,third,2.579
2033,4,64,977C,third,3.665
2034,4,64,977C,third,5.755
2035,4,64,977C,third,0.002
2036,4,64,977C,third,8.768
2037,4,64,977C,third,4.887
2038,4,64,977C,third,5.315
2039,4,64,977C,third,8.865
2040,4,64,977C,third,8.662
2041,4,65,977D,third,6.618
2042,4,65,977D,third,12.439
2043,4,65,977D,third,7.254
2044,4,65,977D,third,0.622
2045,4,65,977D,third,10.169
2046,4,65,977D,third,13.142
2047,4,65,977D,third,2.801
2048,4,65,977D,third,4.752
2049,4,65,977D,third,9.176
2050,4,65,977D,third,8.89
2051,4,66,977E,third,7.616
2052,4,66,977E,third,1.171
2053,4,66,977E,third,7.217
2054,4,66,977E,third,6.487
2055,4,66,977E,third,0.728
2056,4,66,977E,third,5.479
2057,4,66,977E,third,0.001
2058,4,66,977E,third,3.502
2059,4,66,977E,third,9.232
2060,4,66,977E,third,2.737
2061,4,67,1017,third,0.389
2062,4,67,1017,third,0.059
2063,4,67,1017,third,1.47
2064,4,67,1017,third,2.741
2065,4,67,1017,third,5.867
2066,4,67,1017,third,9.965
2067,4,67,1017,third,2.245
2068,4,67,1017,third,6.624
2069,4,67,1017,third,5.779
2070,4,67,1017,third,4.239
2071,4,68,1021,third,0.033
2072,4,68,1021,third,4.049
2073,4,68,1021,third,0.726
2074,4,68,1021,third,0.027
2075,4,68,1021,third,4.902
2076,4,68,1021,third,4.326
2077,4,68,1021,third,0.001
2078,4,68,1021,third,7.057
2079,4,68,1021,third,2.129
2080,4,68,1021,third,2.902
2081,4,69,1018,third,4.464
2082,4,69,1018,third,2.547
2083,4,69,1018,third,5.356
2084,4,69,1018,third,2.134
2085,4,69,1018,third,3.369
2086,4,69,1018,third,5.017
2087,4,69,1018,third,4.75
2088,4,69,1018,third,10.55
2089,4,69,1018,third,2.019
2090,4,69,1018,third,0.867
2091,4,70,978A,third,2.022
2092,4,70,978A,third,3.589
2093,4,70,978A,third,1.508
2094,4,70,978A,third,0.576
2095,4,70,978A,third,5.912
2096,4,70,978A,third,6.513
2097,4,70,978A,third,1.872
2098,4,70,978A,third,3.093
2099,4,70,978A,third,1.707
2100,4,70,978A,third,5.421
