Section,Block,Isolate_number,Isolate,Collection,24 horas,30 horas,36 horas,42 horas,48 horas,AUMPD
1,1,1,975A,first,5.075,6.601,8.917,11.483,16.19,286.701
1,5,1,975A,first,6.341,10.002,14.77,16.523,24.593,416.664
1,7,1,975A,first,3.165,5.363,6.18,8.515,12.107,204.144
1,9,1,975A,first,6.279,7.902,9.45,12.886,16.075,323.838
1,11,1,975A,first,5.147,8.003,11.643,15.082,19.935,345.378
1,14,1,975A,first,6.546,12.109,14.111,20.902,28.888,467.586
1,18,1,975A,first,6.228,9.801,14.193,19.163,23.193,421.941
1,19,1,975A,first,5.314,7.602,10.652,14.971,22.702,347.166
1,21,1,975A,first,5.581,9.15,13.832,19.85,23.939,412.524
1,25,1,975A,first,3.815,6.282,8.537,16.086,20.096,302.943
1,1,2,975B,first,4.801,5.982,9.244,13.323,17.134,294.711
1,5,2,975B,first,5.569,9.632,14.722,18.807,25.861,420.084
1,6,2,975B,first,6.694,10.647,15.478,20.114,25.934,455.646
1,8,2,975B,first,5.724,8.946,10.818,15.908,20.359,360.969
1,12,2,975B,first,7.26,10.432,14.702,22.048,23.372,462.108
1,13,2,975B,first,2.981,4.763,7.427,9.679,14.789,220.296
1,16,2,975B,first,3.552,4.934,6.096,9.674,12.918,216.258
1,18,2,975B,first,4.63,6.748,9.674,15.529,20.229,321.843
1,22,2,975B,first,3.048,4.433,7.081,9.118,13.494,209.994
1,25,2,975B,first,3.026,5.345,6.289,10.635,15.056,224.172
1,1,3,975C,first,5.094,7.33,11.166,17.04,21.974,355.548
1,4,3,975C,first,4.019,7.1,9.411,14.114,18.296,298.923
1,6,3,975C,first,4.507,8.52,12.339,18.544,20.651,365.976
1,8,3,975C,first,6.519,7.974,12.333,20.346,28.719,427.86
1,11,3,975C,first,6.86,9.479,14.531,20.482,24.115,442.197
1,15,3,975C,first,8.054,11.383,19.005,24.083,34.103,549.945
1,17,3,975C,first,4.282,7.357,10.278,16.009,21.696,331.182
1,18,3,975C,first,5.474,7.015,9.436,12.682,21.707,322.029
1,21,3,975C,first,8.049,10.88,15.497,20.974,26.156,483.309
1,25,3,975C,first,5.598,7.916,10.769,15.835,21.049,354.237
1,1,4,975E,first,3.452,5.088,7.436,12.471,15.958,249.624
1,4,4,975E,first,1.924,3.694,6.181,8.968,11.844,177.45
1,8,4,975E,first,1.913,3.072,5.89,8.688,11.999,170.592
1,9,4,975E,first,3.109,5.054,6.34,10.525,12.608,215.973
1,12,4,975E,first,2.86,4.337,6.823,10.722,15.066,219.39
1,15,4,975E,first,3.458,5.461,9.589,13.817,22.033,291.171
1,16,4,975E,first,2.987,4.475,9.555,15.891,21.972,290.247
1,20,4,975E,first,0.071,0.053,1.016,1.625,3.146,26.7
1,22,4,975E,first,0.018,0.118,0.454,1.112,2.227,17.1
1,25,4,975E,first,NA,NA,NA,NA,NA,NA
1,2,5,976C,first,6.718,10.362,16.187,22.212,26.62,473.196
1,3,5,976C,first,4.125,6.813,9.822,14.239,18.122,301.485
1,6,5,976C,first,5.002,7.806,10.023,14.123,14.879,311.379
1,9,5,976C,first,5.786,7.259,9.404,10.755,12.482,288.744
1,13,5,976C,first,6.392,9.029,12.992,17.356,19.004,389.154
1,14,5,976C,first,6.534,9.018,12.823,18.63,27.303,422.745
1,16,5,976C,first,4.953,8.479,11.463,15.773,20.742,350.811
1,20,5,976C,first,6.799,9.593,15.507,18.988,27.203,448.122
1,21,5,976C,first,6.766,9.032,14.278,16.853,22.465,409.863
1,24,5,976C,first,5.804,7.936,11.489,18.064,22.592,379.77
1,2,6,977A,first,3.859,4.985,8.383,11.683,16.083,256.44
1,4,6,977A,first,1.371,3.079,5.06,7.355,10.234,144.231
1,7,6,977A,first,2.017,2.916,5.361,7.799,10.205,157.326
1,10,6,977A,first,3.351,5.077,7.661,10.19,14.777,232.164
1,12,6,977A,first,3.448,5.876,8.027,11.121,13.838,243.378
1,15,6,977A,first,1.543,3.196,6.049,9.709,13.199,176.466
1,17,6,977A,first,0.852,2.023,3.717,5.953,10.29,113.808
1,20,6,977A,first,3.537,5.918,10.25,14.87,19.057,296.454
1,22,6,977A,first,1.725,3.247,5.263,7.994,12.828,163.383
1,24,6,977A,first,0.003,0.009,0.848,2.035,3.535,28
1,2,7,977E,first,3.456,5.889,8.171,11.451,17.448,257.25
1,3,7,977E,first,2.292,3.637,5.674,8.656,13.082,181.428
1,7,7,977E,first,2.264,3.925,6.169,9.06,13.171,188.397
1,10,7,977E,first,2.893,4.114,6.591,9.963,12.927,206.184
1,12,7,977E,first,2.297,3.261,6.242,9.427,12.098,184.329
1,13,7,977E,first,3.336,5.399,7.969,11.736,16.124,249.036
1,17,7,977E,first,2.548,4.611,6.997,13.532,17.549,241.707
1,19,7,977E,first,1.92,3.467,6.025,9.787,14.994,189.456
1,23,7,977E,first,1.906,3.076,5.764,9.188,15.9,184.458
1,24,7,977E,first,1.71,3.094,5.271,8.031,11.308,157.95
1,2,8,978A,first,3.867,5.56,9.014,15.015,20.246,296.277
1,4,8,978A,first,0.116,1.376,3.4,5.595,8.444,89.298
1,8,8,978A,first,5.428,8.577,13.23,18.486,23.118,392.532
1,10,8,978A,first,5.144,8.698,13.469,18.407,23.118,389.958
1,13,8,978A,first,5.052,7.511,10.307,13.653,19.625,323.481
1,15,8,978A,first,1.382,2.428,4.861,6.714,9.952,134.604
1,18,8,978A,first,4.458,6.977,11.64,17.898,23.331,355.953
1,20,8,978A,first,3.575,5.577,8.532,11.91,16.303,258.648
1,23,8,978A,first,1.842,2.91,5.774,9.631,13.399,177.717
1,24,8,978A,first,2.187,4.054,6.688,11.014,14.277,206.172
1,3,9,978C,first,4.369,7.141,10.026,16.075,19.204,322.599
1,5,9,978C,first,2.319,3.751,5.8,9.289,13.125,187.2
1,7,9,978C,first,3.628,5.725,9.83,14.708,18.641,291.921
1,9,9,978C,first,3.497,5.374,8.42,13.121,17.842,267.471
1,11,9,978C,first,5.136,7.53,10.889,16.649,19.099,344.745
1,14,9,978C,first,4.85,6.991,10.095,14.691,19.101,320.715
1,17,9,978C,first,3.665,6.344,9.773,14.258,18.666,293.223
1,19,9,978C,first,3.146,5.074,8.806,12.741,18.912,263.652
1,22,9,978C,first,5.514,7.77,10.558,16.06,24.095,361.323
1,23,9,978C,first,3.339,5.175,8.774,12.648,18.721,265.83
1,3,10,978E,first,3.666,6.47,9.97,15.159,21.103,307.893
1,5,10,978E,first,6.577,9.75,13.743,17.811,23.265,416.274
1,6,10,978E,first,2.899,4.614,7.415,11.405,14.634,227.991
1,10,10,978E,first,4.786,9.293,13.546,18.536,22.812,388.476
1,11,10,978E,first,6.355,9.001,13.871,21.888,25.146,439.323
1,14,10,978E,first,4.933,8.506,13.776,19.383,24.809,398.412
1,16,10,978E,first,4.614,7.134,9.78,13.668,20.196,313.29
1,19,10,978E,first,6.135,9.908,15.352,19.537,26.839,441.324
1,21,10,978E,first,4.06,6.319,9.68,13.21,17.272,287.97
1,23,10,978E,first,4.174,7.139,12.097,16.868,22.105,345.549
1,1,1,975A,second,2.428,4.824,8.765,12.614,15.991,241.611
1,5,1,975A,second,0.4,1.038,1.4,2.122,3.131,42.8
1,7,1,975A,second,1.795,4.65,8.291,11.853,14.68,219.729
1,9,1,975A,second,2.037,4.023,7.909,11.118,13.75,210.105
1,11,1,975A,second,2.421,5.328,9.541,14.524,16.135,261.078
1,14,1,975A,second,1.486,3.083,7.334,9.302,13.338,180.618
1,18,1,975A,second,2.167,5.624,10.299,13.817,19.077,268.176
1,19,1,975A,second,2.352,6.017,8.743,13.709,17.749,259.341
1,21,1,975A,second,2.186,5.541,8.036,13.817,16.21,245.784
1,25,1,975A,second,1.445,2.823,5.171,9.194,9.922,154.569
1,1,2,975B,second,1.929,3.667,5.813,8.689,9.029,165.036
1,5,2,975B,second,3.125,6.188,10.989,14.027,19.367,292.2
1,6,2,975B,second,3.68,8.199,13.164,19.177,24.045,370.575
1,8,2,975B,second,1.84,4.561,7.869,11.384,18.528,226.068
1,12,2,975B,second,2.799,5.437,8.774,13.247,16.026,254.811
1,13,2,975B,second,3.139,6.216,11.711,15.166,16.651,295.596
1,16,2,975B,second,3.259,5.39,8.43,14.751,14.667,264.312
1,18,2,975B,second,2.253,5.068,8.234,12.022,15.676,232.767
1,22,2,975B,second,2.255,4.933,8.471,12.312,17.733,241.32
1,25,2,975B,second,1.987,4.218,7.259,11.923,12.752,208.461
1,1,3,975C,second,2.477,4.612,7.912,12.227,16.354,234.723
1,4,3,975C,second,2.494,5.19,8.655,13.964,16.695,254.349
1,6,3,975C,second,1.87,3.992,7.97,11.206,16.256,215.826
1,8,3,975C,second,2.082,5.22,7.532,12.213,15.337,227.031
1,11,3,975C,second,2.614,5.235,9.625,13.438,18.961,265.881
1,15,3,975C,second,3.228,7.006,12.587,17.982,21.729,339.057
1,17,3,975C,second,1.09,2.311,4.023,5.85,6.672,109.5
1,18,3,975C,second,3.221,7.902,12.693,17.745,21.111,341.688
1,21,3,975C,second,3.01,5.959,9.878,15.67,19.525,292.767
1,25,3,975C,second,1.897,3.95,7.248,9.403,12.842,190.587
1,1,4,975E,second,1.952,4.13,7.059,10.606,14.698,204.144
1,4,4,975E,second,2.004,3.753,5.881,9.019,10.762,174.264
1,8,4,975E,second,2.466,4.567,7.945,12.339,16.129,234.483
1,9,4,975E,second,2.252,4.339,7.353,11.861,18.697,231.189
1,12,4,975E,second,1.447,3.366,6.374,8.996,11.063,167.31
1,15,4,975E,second,2.977,5.791,10.194,16.298,21.322,302.319
1,16,4,975E,second,3.585,6.926,10.369,17.545,18.556,318.483
1,20,4,975E,second,1.832,4.364,7.699,10.294,12.229,198.309
1,22,4,975E,second,2.855,6.661,9.404,15.184,15.773,277.638
1,25,4,975E,second,1.223,2.609,4.798,8.471,9.647,142.554
1,2,5,976C,second,0,0,0,0.584,1.18,7.044
1,3,5,976C,second,0,0.082,0.457,1.206,1.138,13.884
1,6,5,976C,second,0.553,1.205,2.603,3.897,5.473,70.944
1,9,5,976C,second,0.356,0.507,0.984,1.158,1.942,27.06
1,13,5,976C,second,NA,NA,NA,NA,NA,NA
1,14,5,976C,second,0.252,0.329,0.399,0.657,0.722,14.256
1,16,5,976C,second,0,0.502,1.337,2.283,2.978,33.666
1,20,5,976C,second,0,0,0,0.111,0.195,1.251
1,21,5,976C,second,NA,NA,NA,NA,NA,NA
1,24,5,976C,second,NA,NA,NA,NA,NA,NA
1,2,6,977A,second,2.845,4.653,8.513,12.747,14.568,241.857
1,4,6,977A,second,4.405,8.979,15.115,19.49,21.474,392.001
1,7,6,977A,second,3.087,6.433,10.112,12.892,17.667,275.928
1,10,6,977A,second,3.18,7.069,13.358,19.224,23.547,356.247
1,12,6,977A,second,1.712,3.901,6.89,10.491,11.936,189.18
1,15,6,977A,second,2.731,5.221,9.415,13.792,15.842,259.059
1,17,6,977A,second,3.743,7.596,13.486,16.96,22.848,352.941
1,20,6,977A,second,2.553,4.508,9.259,11.162,15.916,235.617
1,22,6,977A,second,3.229,6.562,12.009,17.114,20.783,324.894
1,24,6,977A,second,2.622,5.821,9.885,15.547,18.079,281.085
1,2,7,977E,second,1.775,3.336,5.962,8.863,9.904,165.303
1,3,7,977E,second,3.298,6.303,9.377,12.424,16.222,266.76
1,7,7,977E,second,1.723,4.7,7.815,10.535,14.017,206.196
1,10,7,977E,second,1.63,4.444,7.154,10.122,16.2,203.37
1,12,7,977E,second,2.469,4.569,7.993,12.664,15.865,235.986
1,13,7,977E,second,1.354,4.152,6.355,8.883,11.636,171.558
1,17,7,977E,second,3.602,8.165,9.573,16.699,22.853,329.211
1,19,7,977E,second,3.294,6.61,10.352,17.015,19.669,312.279
1,23,7,977E,second,2.087,4.469,8.757,12.553,15.111,231.312
1,24,7,977E,second,1.408,3.659,4.308,7.459,9.22,141.336
1,2,8,978A,second,2.893,6.232,9.79,15.808,20.818,296.829
1,4,8,978A,second,3.299,6.046,10.061,14.4,17.12,283.887
1,8,8,978A,second,2.899,5.579,9.092,12.508,16.996,257.547
1,10,8,978A,second,2.536,5.826,10.677,12.298,16.251,259.599
1,13,8,978A,second,4.282,8.843,10.362,16.411,21.45,342.276
1,15,8,978A,second,0.583,1.118,2.197,3.236,3.985,60
1,18,8,978A,second,4.619,7.066,10.261,17.007,16.975,326.214
1,20,8,978A,second,2.635,5.801,8.749,14.096,17.47,263.811
1,23,8,978A,second,2.949,5.494,10.123,13.917,17.477,273.87
1,24,8,978A,second,2.266,5.415,7.401,13.027,15.628,235.932
1,3,9,978C,second,0.986,2.171,4.933,7.216,7.878,124.344
1,5,9,978C,second,1.878,4.153,8.333,10.987,15.992,216.984
1,7,9,978C,second,2.211,5.93,9.612,12.599,18.757,258.282
1,9,9,978C,second,3.378,6.033,10.941,13.708,16.09,283.032
1,11,9,978C,second,3.809,8.74,14.594,18.576,25.383,384.744
1,14,9,978C,second,4.322,8.043,14.381,18.177,19.838,367.95
1,17,9,978C,second,4.16,8.347,13.105,16.626,17.557,343.539
1,19,9,978C,second,4.893,10.188,16.494,19.765,25.576,428.805
1,22,9,978C,second,4.307,7.392,15.139,21.197,22.71,395.103
1,23,9,978C,second,2.14,4.737,8.108,12.223,16.094,230.79
1,3,10,978E,second,3.803,7.065,12.267,17.391,22.509,344.91
1,5,10,978E,second,5.649,10.107,15.831,17.82,22.966,416.181
1,6,10,978E,second,2.511,5.204,7.726,11.385,15.669,230.562
1,10,10,978E,second,3.069,6.02,10.252,12.529,18.047,272.982
1,11,10,978E,second,3.467,7.16,10.219,15.468,15.994,297.069
1,14,10,978E,second,2.136,5.467,9.479,11.116,15.079,233.649
1,16,10,978E,second,1.39,3.19,6.215,10.34,12.182,175.866
1,19,10,978E,second,2.547,6.045,10.068,14.952,17.676,277.623
1,21,10,978E,second,2.305,5.34,8.379,13.067,14.753,239.55
1,23,10,978E,second,2.648,5.328,8.741,16.105,16.161,269.247
1,1,1,975A,third,1.586,2.476,2.502,2.706,2.573,77.6
1,5,1,975A,third,2.162,4.143,6.909,10.033,13.764,200.232
1,7,1,975A,third,4.08,8.639,12.294,17.764,22.974,362.304
1,9,1,975A,third,3.981,7.706,11.057,16.115,21.294,332.865
1,11,1,975A,third,2.805,6.203,8.912,13.43,17.9,267.045
1,14,1,975A,third,2.454,4.888,8.172,11.786,17.367,237.987
1,18,1,975A,third,1.608,3.433,7.014,8.967,14.761,184.887
1,19,1,975A,third,2.269,5.21,10.142,12.446,17.633,253.722
1,21,1,975A,third,3.735,6.595,10.787,12.056,18.497,288.144
1,25,1,975A,third,2.305,4.835,9.034,12.872,19.014,252.063
1,1,2,975B,third,0.574,1.403,3.281,6.139,7.949,97.395
1,5,2,975B,third,1.109,2.851,6.132,9.415,16.547,176.664
1,6,2,975B,third,2.354,4.281,6.763,9.29,15.781,204.657
1,8,2,975B,third,1.828,4.898,8.501,14.315,20.585,255.459
1,12,2,975B,third,1.488,4.251,7.953,13.271,22.049,241.317
1,13,2,975B,third,0.966,1.875,3.379,6.016,8.958,108.984
1,16,2,975B,third,1.394,3.704,6.714,12.517,14.38,201.66
1,18,2,975B,third,2.745,6.127,10.485,14.276,24.556,300.171
1,22,2,975B,third,0.858,2.064,4.099,5.73,10.196,114.816
1,25,2,975B,third,2.041,4.792,8.369,12.158,15.594,229.311
1,1,3,975C,third,0.208,1.101,2.725,3.821,8.06,73.182
1,4,3,975C,third,0.762,2.351,5.765,7.351,14.652,148.188
1,6,3,975C,third,0.683,1.545,3.259,7.373,9.858,112.881
1,8,3,975C,third,1.182,2.38,4.434,7.959,13.371,146.481
1,11,3,975C,third,0.861,2.279,4.232,6.149,12.259,125.652
1,15,3,975C,third,0.356,2.055,5.294,6.636,14.21,131.88
1,17,3,975C,third,0.597,1.247,2.386,4.439,4.889,72.054
1,18,3,975C,third,1.775,4.405,8.114,7.164,16.941,195.546
1,21,3,975C,third,1.591,3.085,5.498,8.804,15.343,174.216
1,25,3,975C,third,0.419,1.381,2.599,3.63,6.711,72.078
1,1,4,975E,third,3.081,4.982,9.231,14.156,21.244,280.161
1,4,4,975E,third,1.352,2.263,3.525,5.247,7.424,108.762
1,8,4,975E,third,1.059,3.071,6.13,9.901,16.168,179.001
1,9,4,975E,third,3.983,7.9,11.854,16.027,22.284,341.283
1,12,4,975E,third,0.925,1.805,3.968,5.653,7.661,105.414
1,15,4,975E,third,2.879,6.136,12.2,23.604,27.14,376.245
1,16,4,975E,third,3.996,7.383,12.495,17.906,23.263,356.433
1,20,4,975E,third,2.464,5.512,11.318,12.854,21.018,278.118
1,22,4,975E,third,2.61,5.942,8.966,12.844,18.048,259.806
1,25,4,975E,third,1.717,3.718,7.761,13.128,15.329,219.384
1,2,5,976C,third,1.353,4.139,7.455,9.537,17.871,200.694
1,3,5,976C,third,1.169,2.21,2.666,3.868,7.83,93.489
1,6,5,976C,third,2.497,5.634,8.637,13.376,21.431,267.63
1,9,5,976C,third,0.36,0.967,1.949,4.425,7.953,73.305
1,13,5,976C,third,3.655,5.512,8.44,11.93,15.31,256.047
1,14,5,976C,third,3.55,6.503,7.082,8.788,15.129,232.875
1,16,5,976C,third,0.974,1.996,3.193,4.807,7.071,95.799
1,20,5,976C,third,3.851,7.712,13.154,16.253,24.662,354.465
1,21,5,976C,third,1.945,4.232,6.143,9.096,13.597,186.792
1,24,5,976C,third,1.622,3.361,6.063,9.298,15.977,184.593
1,2,6,977A,third,2.23,3.729,5.614,7.802,12.983,175.269
1,4,6,977A,third,1.768,3.606,6.38,8.246,13.937,177.723
1,7,6,977A,third,2.038,4.494,7.872,11.351,19.042,229.998
1,10,6,977A,third,2.401,5.715,9.896,14.929,21.006,282.273
1,12,6,977A,third,1.967,2.915,3.304,5.114,6.717,117.654
1,15,6,977A,third,2.176,4.803,8.804,12.966,18.071,246.291
1,17,6,977A,third,3.333,6.597,12.423,18.058,25.171,347.976
1,20,6,977A,third,1.651,3.527,7.217,9.47,15.148,191.493
1,22,6,977A,third,3.176,6.582,12.449,14.302,25.726,324.816
1,24,6,977A,third,4.178,6.977,13.088,17.175,26.659,366.087
1,2,7,977E,third,0.372,0.616,1.321,2.179,3.399,40.5
1,3,7,977E,third,4.049,8.006,13.591,17.761,29.165,384.378
1,7,7,977E,third,2.349,5.499,8.294,14.207,18.796,259.623
1,10,7,977E,third,2.249,5,9.058,13.465,21.295,262.758
1,12,7,977E,third,1.819,4.026,7.903,13.89,19.834,241.701
1,13,7,977E,third,1.409,3.039,4.633,8.107,12.533,153.408
1,17,7,977E,third,3.979,7.615,12.507,19.284,27.068,377.325
1,19,7,977E,third,4.059,8.337,15.685,21.491,31.192,427.539
1,23,7,977E,third,2.904,6.013,10.951,12.901,18.837,279.261
1,24,7,977E,third,1.128,2.647,5.178,8.666,11.707,150.987
1,2,8,978A,third,3.72,5.259,11.245,15.206,21.205,309.675
1,4,8,978A,third,3.726,8.16,10.98,16.876,22.901,340.689
1,8,8,978A,third,4.802,7.812,11.58,15.208,21.934,345.432
1,10,8,978A,third,2.16,4.669,8.079,12.536,17.637,237.015
1,13,8,978A,third,3.55,6.908,13.052,16.951,24.053,346.875
1,15,8,978A,third,0.468,0.815,3.313,4.268,6.053,75.555
1,18,8,978A,third,2.557,4.968,8.585,10.73,13.809,225.48
1,20,8,978A,third,1.012,3.169,5.957,9.715,12.213,164.865
1,23,8,978A,third,3.384,6.344,11.735,13.197,18.064,292.608
1,24,8,978A,third,2.172,5.032,8.12,13.681,15.425,239.853
1,3,9,978C,third,3.451,7.18,12.372,16.972,25.641,347.832
1,5,9,978C,third,3.16,6.776,11.52,19.042,32.276,368.256
1,7,9,978C,third,4.347,8.342,10.336,15.659,21.556,335.895
1,9,9,978C,third,1.451,5.255,8.963,15.013,21.631,262.044
1,11,9,978C,third,1.385,3.115,5.042,6.467,10.919,141.276
1,14,9,978C,third,2.565,6.205,8.335,17.566,18.037,285.222
1,17,9,978C,third,2.962,6.565,11.005,17.303,21.928,319.452
1,19,9,978C,third,2.4,5.009,10.107,21.454,16.455,304.785
1,22,9,978C,third,4.156,8.045,13.716,24.242,28.151,422.811
1,23,9,978C,third,2.438,5.069,9.24,16.829,20.289,284.265
1,3,10,978E,third,0.788,2.404,4.481,6.85,13.338,134.244
1,5,10,978E,third,0.227,1.666,3.991,6.479,14.602,120.027
1,6,10,978E,third,0.6,1.606,3,5.458,9.311,97.317
1,10,10,978E,third,1.905,5.235,7.207,11.612,19.556,231.567
1,11,10,978E,third,2.789,4.647,8.654,12.379,18.384,251.067
1,14,10,978E,third,2.31,5.122,9.069,15.84,20.059,275.013
1,16,10,978E,third,0.504,1.751,3.615,5.726,10.142,104.538
1,19,10,978E,third,2.469,5.42,10.978,11.949,19.702,266.223
1,21,10,978E,third,3.288,5.758,10.806,13.088,16.849,277.779
1,23,10,978E,third,0.97,2.389,4.79,6.655,10.047,127.695
2,1,11,973A,first,NA,NA,NA,NA,NA,NA
2,5,11,973A,first,NA,NA,NA,NA,NA,NA
2,7,11,973A,first,NA,NA,NA,NA,NA,NA
2,9,11,973A,first,NA,NA,NA,NA,NA,NA
2,11,11,973A,first,NA,NA,NA,NA,NA,NA
2,14,11,973A,first,NA,NA,NA,NA,NA,NA
2,18,11,973A,first,NA,NA,NA,NA,NA,NA
2,19,11,973A,first,NA,NA,NA,NA,NA,NA
2,21,11,973A,first,NA,NA,NA,NA,NA,NA
2,25,11,973A,first,NA,NA,NA,NA,NA,NA
2,1,12,973E,first,0.995,2.168,3.583,6.225,10.746,119.019
2,5,12,973E,first,0.61,1.095,1.57,2.14,3.55,48.63
2,6,12,973E,first,1.68,3.093,6.193,8.948,16.368,183.708
2,8,12,973E,first,1.991,3.399,5.845,8.407,14.207,178.392
2,12,12,973E,first,1.272,1.971,2.856,4.54,9.421,103.545
2,13,12,973E,first,1.05,1.758,3.359,5.565,10.366,110.94
2,16,12,973E,first,2.488,3.973,9.506,12.378,16.881,243.105
2,18,12,973E,first,2.384,5.132,8.377,12.023,19.651,247.905
2,22,12,973E,first,0.171,0.815,1.166,1.846,3.369,35.634
2,25,12,973E,first,0.361,1.085,2.283,4.833,7.709,77.748
2,1,13,974B,first,0.003,0.395,0.643,1.156,2.141,19.632
2,4,13,974B,first,0.004,0.005,0.003,0.003,0.002,0.132
2,6,13,974B,first,0.23,0.555,1.13,1.993,2.766,33.816
2,8,13,974B,first,0,0,0.447,0.696,1.173,10.377
2,11,13,974B,first,0,0.116,0.402,1.082,2.881,18.243
2,15,13,974B,first,0,0.066,0.415,1.273,1.747,15.765
2,17,13,974B,first,0,0,0.168,0.403,0.942,6.252
2,18,13,974B,first,NA,NA,NA,NA,NA,NA
2,21,13,974B,first,0.085,0.325,0.574,0.979,2.089,18.81
2,25,13,974B,first,NA,NA,NA,NA,NA,NA
2,1,14,974E,first,1.166,2.383,4.316,7.008,12.826,138.21
2,4,14,974E,first,0.597,1.619,3.051,4.472,6.877,84.438
2,8,14,974E,first,1.411,2.902,4.279,8.335,11.045,147.396
2,9,14,974E,first,0.315,1.072,1.845,3.06,5.372,56.703
2,12,14,974E,first,0.742,1.543,2.607,5.138,6.722,87.024
2,15,14,974E,first,0.609,1.023,1.873,3.049,4.648,58.749
2,16,14,974E,first,0.143,0.744,1.269,2.529,4.646,43.335
2,20,14,974E,first,0.801,1.592,2.552,4.92,7.757,89.67
2,22,14,974E,first,0.484,1.043,1.955,2.949,4.906,57.66
2,25,14,974E,first,0.48,1.114,1.806,2.725,5.362,57.156
2,2,15,975D,first,1.889,3.037,5.875,8.828,12.318,171.729
2,3,15,975D,first,1.256,2.328,4.756,8.165,13.818,151.788
2,6,15,975D,first,1.702,2.796,4.599,7.398,12.002,150.294
2,9,15,975D,first,1.569,3.348,4.908,7.215,9.906,146.079
2,13,15,975D,first,2.034,3.408,5.2,8.162,9.846,160.668
2,14,15,975D,first,1.426,3.041,3.581,7.296,9.759,134.175
2,16,15,975D,first,2.89,5.046,8.952,12.989,21.431,269.565
2,20,15,975D,first,3.682,6.672,11.412,15.373,21.966,321.87
2,21,15,975D,first,1.198,2.602,4.945,7.79,13.484,150.444
2,24,15,975D,first,1.956,3.893,7.101,9.392,13.082,190.902
2,2,16,976B,first,2.237,4.57,6.736,10.225,14.476,206.169
2,4,16,976B,first,1.12,1.818,3.106,5.522,9.752,108.732
2,7,16,976B,first,1.6,3.11,6.385,10.054,14.321,184.257
2,10,16,976B,first,2.957,5.29,8.785,13.539,20.966,272.937
2,12,16,976B,first,2.417,3.746,6.341,8.634,12.218,185.235
2,15,16,976B,first,1.554,3.081,5.712,8.665,10.285,158.913
2,17,16,976B,first,2.076,4.335,6.959,11.111,16.79,215.94
2,20,16,976B,first,2.17,3.756,5.503,9.807,13.014,185.988
2,22,16,976B,first,1.089,2.058,3.349,5.923,8.124,108.687
2,24,16,976B,first,2.009,4.11,7.563,9.634,14.576,201.705
2,2,17,976D,first,2.574,5.414,8.055,11.708,17.607,242.493
2,3,17,976D,first,0.793,1.452,2.635,5.643,13.483,110.724
2,7,17,976D,first,2.803,4.687,7.803,12.442,15.139,237.054
2,10,17,976D,first,2.66,5.048,8.001,14.05,22.675,270.519
2,12,17,976D,first,1.717,3.448,7.297,11.658,15.493,206.652
2,13,17,976D,first,2.269,5.342,8.525,13.168,19.545,254.88
2,17,17,976D,first,1.316,2.948,5.815,8.116,12.184,157.566
2,19,17,976D,first,2.074,3.669,6.622,10.024,14.838,197.514
2,23,17,976D,first,2.204,3.675,6.329,8.498,14.729,188.259
2,24,17,976D,first,2.16,4.061,7.89,11.317,13.522,212.574
2,2,18,977B,first,2.056,3.913,5.737,7.826,14.04,177.816
2,4,18,977B,first,1.574,2.656,4.349,6.457,9.082,131.628
2,8,18,977B,first,1.984,3.619,4.825,9.278,12.474,173.514
2,10,18,977B,first,3.341,6.754,10.08,15.837,22.6,313.941
2,13,18,977B,first,3.407,5.402,8.61,11.795,15.251,251.7
2,15,18,977B,first,2.002,3.673,5.575,10.841,10.283,181.413
2,18,18,977B,first,2.407,3.656,6.583,8.461,12.577,186.036
2,20,18,977B,first,2.18,3.61,5.236,7.129,9.688,157.614
2,23,18,977B,first,2.12,4.481,6.718,9.32,11.289,188.781
2,24,18,977B,first,2.153,3.914,6.809,10.077,14.759,201.372
2,3,19,977C,first,3.063,5.039,8.156,9.594,13.146,222.117
2,5,19,977C,first,3.864,7.08,12.506,16.229,22.406,340.068
2,7,19,977C,first,2.69,4.669,8.029,10.333,15.68,225.576
2,9,19,977C,first,1.869,3.759,5.483,9.386,13.003,178.812
2,11,19,977C,first,3.091,4.9,9.398,15.41,16.24,273.333
2,14,19,977C,first,0.926,1.762,2.815,5.381,6.215,92.283
2,17,19,977C,first,2.519,4.49,7.186,10.581,17.433,223.626
2,19,19,977C,first,1.111,2.541,4.438,6.565,10.902,130.635
2,22,19,977C,first,2.068,4.64,6.994,9.131,14.604,199.422
2,23,19,977C,first,3.886,6.963,11.39,14.829,21.135,320.787
2,3,20,974C,first,NA,NA,NA,NA,NA,NA
2,5,20,974C,first,NA,NA,NA,NA,NA,NA
2,6,20,974C,first,NA,NA,NA,NA,NA,NA
2,10,20,974C,first,NA,NA,NA,NA,NA,NA
2,11,20,974C,first,NA,NA,NA,NA,NA,NA
2,14,20,974C,first,NA,NA,NA,NA,NA,NA
2,16,20,974C,first,NA,NA,NA,NA,NA,NA
2,19,20,974C,first,NA,NA,NA,NA,NA,NA
2,21,20,974C,first,NA,NA,NA,NA,NA,NA
2,23,20,974C,first,NA,NA,NA,NA,NA,NA
2,1,11,973A,second,1.265,2.811,5.188,9.209,13.037,161.334
2,5,11,973A,second,1.414,2.861,6.292,10.816,16.286,189.882
2,7,11,973A,second,0.831,1.802,2.557,4.301,6.704,84.537
2,9,11,973A,second,1.013,3.045,7.062,9.962,13.742,176.835
2,11,11,973A,second,0.555,1.748,2.779,4.72,7.831,87.3
2,14,11,973A,second,0.898,2.824,4.489,8.895,15.495,157.203
2,18,11,973A,second,1.208,3.804,5.843,9.588,14.54,177.15
2,19,11,973A,second,0.055,1.36,3.02,5.805,8.313,86.874
2,21,11,973A,second,1.49,4.694,6.739,9.797,13.99,191.7
2,25,11,973A,second,1.51,3.514,6.251,10.077,14.18,184.242
2,1,12,973E,second,0.731,1.845,3.627,6.357,8.464,107.331
2,5,12,973E,second,1.837,4.097,6.711,11.377,15.075,205.89
2,6,12,973E,second,2.184,4.51,8.06,13.764,17.261,242.547
2,8,12,973E,second,1.04,2.661,4.589,9.006,12.117,149.487
2,12,12,973E,second,1.479,3.25,6.863,10.754,15.627,194.268
2,13,12,973E,second,1.431,2.749,4.401,7.501,9.01,136.401
2,16,12,973E,second,0.984,3.442,5.676,10.821,15.737,181.605
2,18,12,973E,second,1.272,3.575,5.501,9.236,13.614,169.794
2,22,12,973E,second,1.599,3.953,6.875,10.026,12.213,185.748
2,25,12,973E,second,1.571,3.184,5.484,10.251,13.608,177.903
2,1,13,974B,second,NA,NA,NA,NA,NA,NA
2,4,13,974B,second,NA,NA,NA,NA,NA,NA
2,6,13,974B,second,NA,NA,NA,NA,NA,NA
2,8,13,974B,second,NA,NA,NA,NA,NA,NA
2,11,13,974B,second,NA,NA,NA,NA,NA,NA
2,15,13,974B,second,NA,NA,NA,NA,NA,NA
2,17,13,974B,second,NA,NA,NA,NA,NA,NA
2,18,13,974B,second,NA,NA,NA,NA,NA,NA
2,21,13,974B,second,NA,NA,NA,NA,NA,NA
2,25,13,974B,second,NA,NA,NA,NA,NA,NA
2,1,14,974E,second,1.01,2.609,4.342,7.614,9.419,130.797
2,4,14,974E,second,1.664,3.486,5.837,10.044,13.241,180.885
2,8,14,974E,second,0.979,1.979,4.135,8.391,11.893,137.394
2,9,14,974E,second,0.081,0.855,1.657,3.538,5.493,53.994
2,12,14,974E,second,0.867,1.463,2.765,4.238,5.837,81.312
2,15,14,974E,second,0.701,1.223,2.764,5.181,7.474,87.945
2,16,14,974E,second,0.501,1.382,3.324,5.733,7.832,93.645
2,20,14,974E,second,0.516,1.557,3.246,5.738,8.432,96.282
2,22,14,974E,second,0.726,1.577,2.93,5.067,8.06,92.514
2,25,14,974E,second,0.739,1.753,2.57,5.369,7.798,92.631
2,2,15,975D,second,0.281,0.991,1.826,3.459,4.883,56.52
2,3,15,975D,second,2.262,5.193,10.264,16.444,20.229,286.023
2,6,15,975D,second,2.403,4.45,7.353,11.207,14.205,216.72
2,9,15,975D,second,2.061,5.402,10.16,13.771,20.344,267.945
2,13,15,975D,second,1.406,3.558,5.617,11.008,14.444,185.52
2,14,15,975D,second,2.041,4.098,5.819,9.146,12.531,182.586
2,16,15,975D,second,2.072,4.309,7.207,10.48,14.844,207.588
2,20,15,975D,second,3.04,6.366,10.519,16.526,20.066,306.264
2,21,15,975D,second,1.034,2.757,5.701,10.293,13.736,169.224
2,24,15,975D,second,1.886,4.891,8.287,11.111,17.037,225.135
2,2,16,976B,second,1.516,3.75,7.121,12.174,15.48,207.45
2,4,16,976B,second,1.173,3.238,6.262,10.519,13.241,177.432
2,7,16,976B,second,0.634,2.116,3.225,7.537,10.964,119.67
2,10,16,976B,second,1.587,4.19,7.767,11.328,15.275,209.34
2,12,16,976B,second,1.837,3.851,5.939,11.493,13.719,196.41
2,15,16,976B,second,1.803,3.371,6.218,9.685,13.069,181.896
2,17,16,976B,second,3.337,5.661,11.113,15.584,18.851,300.756
2,20,16,976B,second,2.136,4.464,8.884,13.168,17.352,243.192
2,22,16,976B,second,1.714,4.14,7.607,12.694,18.686,228.414
2,24,16,976B,second,2.007,5.061,7.506,12.706,16.139,230.16
2,2,17,976D,second,4.441,9.621,16.093,25.463,29.726,462.855
2,3,17,976D,second,3.847,5.042,14.622,15.081,21.841,331.698
2,7,17,976D,second,2.076,4.644,8.003,14.174,14.956,236.934
2,10,17,976D,second,2.521,5.546,9.103,13.289,18.829,261.93
2,12,17,976D,second,1.722,3.222,6.663,10.192,15.035,191.397
2,13,17,976D,second,2.113,5.931,11.501,16.198,18.504,288.987
2,17,17,976D,second,2.883,7.177,10.605,16.498,20.588,310.689
2,19,17,976D,second,5.064,8.207,13.232,11.848,22.313,342.621
2,23,17,976D,second,2.155,5.713,7.745,11.128,14.64,223.761
2,24,17,976D,second,2.448,5.103,7.87,11.534,17.125,235.137
2,2,18,977B,second,1.408,3.178,5.661,11.426,14.427,185.991
2,4,18,977B,second,1.407,2.841,5.422,9.512,13.218,167.409
2,8,18,977B,second,1.055,2.971,5.965,8.896,10.741,155.04
2,10,18,977B,second,1.538,3.155,5.24,8.681,12.741,163.749
2,13,18,977B,second,1.398,3.725,5.556,7.906,12.395,161.277
2,15,18,977B,second,1.188,1.769,4.051,5.91,9.678,117.234
2,18,18,977B,second,1.392,2.834,4.247,7.553,11.211,142.317
2,20,18,977B,second,1.324,3.259,5.791,8.918,13.125,167.043
2,23,18,977B,second,1.259,2.944,4.76,8.012,9.049,140.328
2,24,18,977B,second,0.96,2.67,4.044,6.852,10.532,127.392
2,3,19,977C,second,2.625,5.015,9.358,14.344,17.105,262.992
2,5,19,977C,second,2.045,4.694,8.825,11.95,18.727,239.67
2,7,19,977C,second,2.482,4.62,6.523,12.177,17.052,228.306
2,9,19,977C,second,1.551,3.609,5.317,8.607,13.12,167.823
2,11,19,977C,second,1.369,3.061,6.365,10.128,15.883,185.508
2,14,19,977C,second,1.749,2.926,4.251,8.424,10.848,152.385
2,17,19,977C,second,1.61,4.65,7.964,12.648,14.91,220.452
2,19,19,977C,second,1.737,4.572,7.779,12.375,17.665,227.406
2,22,19,977C,second,1.048,2.583,4.83,7.814,12.051,143.235
2,23,19,977C,second,2.106,5.972,9.25,15.438,18.991,272.523
2,3,20,974C,second,0.966,2.818,5.315,11.116,14.161,172.467
2,5,20,974C,second,1.993,4.3,7.791,11.886,18.063,227.946
2,6,20,974C,second,1.499,3.158,6.598,9.864,14.638,184.119
2,10,20,974C,second,1.225,2.886,5.762,9.155,13.231,164.886
2,11,20,974C,second,0.791,2.94,5.05,8.591,11.869,146.958
2,14,20,974C,second,2,3.66,6.607,11.429,17.807,213.597
2,16,20,974C,second,2.025,4.096,6.882,11.663,13.695,207.306
2,19,20,974C,second,1.762,4.205,6.245,9.86,13.174,187.812
2,21,20,974C,second,2.118,5.998,9.104,13.371,18.518,258.162
2,23,20,974C,second,2.248,4.693,7.759,11.434,14.856,221.604
2,1,11,973A,third,3.225,6.477,10.226,13.32,19.865,288.108
2,5,11,973A,third,2.613,5.566,12.708,18.839,24.077,334.104
2,7,11,973A,third,0.796,1.703,3.919,5.718,7.724,103.152
2,9,11,973A,third,1.358,3.444,6.92,10.761,11.042,180.246
2,11,11,973A,third,1.955,3.175,6.487,9.755,11.665,180.822
2,14,11,973A,third,2.416,4.458,9.646,15.002,26.694,290.958
2,18,11,973A,third,1.972,3.725,8.769,12.961,15.002,227.316
2,19,11,973A,third,2.345,4.176,8.571,11.987,15.761,230.862
2,21,11,973A,third,1.663,3.682,7.116,12.154,17.299,214.554
2,25,11,973A,third,2.556,5.697,11.949,17.422,27.415,330.993
2,1,12,973E,third,2.737,6.267,9.008,12.512,19.774,267.099
2,5,12,973E,third,1.962,4.212,7.464,11.983,17.682,224.43
2,6,12,973E,third,2.479,4.495,7.654,11.634,14.942,224.709
2,8,12,973E,third,1.758,3.309,5.578,8.844,12.03,168.846
2,12,12,973E,third,1.678,3.19,5.549,9.102,13.281,172.059
2,13,12,973E,third,1.496,2.886,6.776,9.044,13.164,174.168
2,16,12,973E,third,2.095,4.331,10.926,13.363,15.725,250.32
2,18,12,973E,third,2.531,4.644,9.133,13.15,17.187,251.088
2,22,12,973E,third,2.512,4.618,8.536,11.894,13.811,229.401
2,25,12,973E,third,3.621,7.244,13.554,17.321,26.422,362.295
2,1,13,974B,third,0,0.469,0.938,2.43,5.115,38.367
2,4,13,974B,third,1.056,2.539,6.024,8.226,11.429,150.861
2,6,13,974B,third,0.99,1.975,4.2,7.24,10.18,125.88
2,8,13,974B,third,1.292,2.499,5.209,7.992,9.694,142.662
2,11,13,974B,third,0.065,0.446,1.38,2.399,3.672,37.341
2,15,13,974B,third,0.444,0.947,1.759,2.151,4.142,48.228
2,17,13,974B,third,0.72,1.651,4.357,7.015,9.364,117.03
2,18,13,974B,third,0.004,0.592,1.348,2.687,5.046,42.96
2,21,13,974B,third,0.119,0.643,1.233,2.832,4.398,43.227
2,25,13,974B,third,0,0.406,1.32,3.094,5.419,45.177
2,1,14,974E,third,0,0.596,1.307,3.317,5.442,47.646
2,4,14,974E,third,0.984,2.097,3.536,5.686,7.478,105.108
2,8,14,974E,third,0.408,1.155,2.311,3.824,5.367,65.961
2,9,14,974E,third,0,0.433,0.844,1.375,2.323,22.881
2,12,14,974E,third,0.496,1.043,1.892,3.699,5.516,63.792
2,15,14,974E,third,0.19,0.655,1.852,2.419,5.204,48.018
2,16,14,974E,third,0.218,1.039,2.149,3.423,5.718,60.09
2,20,14,974E,third,0.178,0.9,2.438,4.127,6.301,66.363
2,22,14,974E,third,0,0.104,0.601,1.037,1.347,14.493
2,25,14,974E,third,0,0.23,0.813,1.27,2.096,20.166
2,2,15,975D,third,1.716,3.293,6.189,9.768,12.109,177.567
2,3,15,975D,third,1.909,3.28,6.88,9.599,12.536,184.797
2,6,15,975D,third,2.845,5.594,10.284,13.676,16.987,270.96
2,9,15,975D,third,3.009,6.112,10.321,14.966,17.75,286.779
2,13,15,975D,third,3.323,6.057,11.259,14.869,19.636,301.863
2,14,15,975D,third,2.333,4.576,7.526,10.097,14.07,210.399
2,16,15,975D,third,2.36,4.843,10.484,14.371,17.294,265.47
2,20,15,975D,third,3.232,5.679,11.911,16.953,20.118,316.092
2,21,15,975D,third,4.023,7.353,13.59,20.745,25.614,387.315
2,24,15,975D,third,3.513,6.331,13.121,19.225,25.78,362.097
2,2,16,976B,third,2.642,4.825,9.217,11.213,15.975,239.085
2,4,16,976B,third,2.74,5.181,11.393,16.117,21.734,302.448
2,7,16,976B,third,3.273,7.093,12.129,16.031,22.299,327.51
2,10,16,976B,third,2.67,5.738,10.531,16.528,20.294,297.714
2,12,16,976B,third,2.715,5.378,8.789,14.7,23.187,283.488
2,15,16,976B,third,2.967,5.716,10.466,10.905,14.671,251.04
2,17,16,976B,third,4.27,6.567,12.072,17.238,23.454,349.674
2,20,16,976B,third,3.898,7.81,14.938,21.441,23.917,395.355
2,22,16,976B,third,4.052,7.88,13.581,19.488,26.156,384.942
2,24,16,976B,third,3.223,6.226,12.404,17.744,21.584,331.341
2,2,17,976D,third,3.598,5.914,11.127,16.622,23.422,326.214
2,3,17,976D,third,1.975,3.943,9.003,15.586,19.676,259.845
2,7,17,976D,third,2.427,5.763,11.858,16.817,22.891,311.706
2,10,17,976D,third,2.528,5.389,13.038,20.412,29.134,358.356
2,12,17,976D,third,2.718,5.564,11.641,18.583,23.881,327.141
2,13,17,976D,third,3.191,5.136,11.447,17.144,22.38,317.367
2,17,17,976D,third,3.302,6.102,11.427,17.363,23.073,328.101
2,19,17,976D,third,0.961,2.413,6.374,9.602,13.924,166.521
2,23,17,976D,third,1.113,2.053,4.494,6.278,7.687,116.706
2,24,17,976D,third,1.755,4.073,7.964,12.949,16.748,226.485
2,2,18,977B,third,1.917,2.704,5.101,7.98,9.727,152.646
2,4,18,977B,third,3.433,6.201,10.44,12.973,17.258,280.953
2,8,18,977B,third,2.269,4.612,8.611,11.089,14.558,223.581
2,10,18,977B,third,1.405,3.986,7.949,11.75,16.077,211.416
2,13,18,977B,third,1.649,3.518,7.198,10.249,12.764,188.817
2,15,18,977B,third,2.958,5.229,8.286,9.467,13.908,223.986
2,18,18,977B,third,2.081,4.114,7.785,11.574,14.34,215.073
2,20,18,977B,third,4.297,6.364,10.425,14.148,19.117,307.428
2,23,18,977B,third,2.362,4.057,9.352,12.599,16.653,241.437
2,24,18,977B,third,2.964,5.434,11.511,15.582,20.892,302.298
2,3,19,977C,third,3.146,6.212,9.197,13.603,18.742,277.488
2,5,19,977C,third,5.012,7.46,13.985,18.632,22.467,383.043
2,7,19,977C,third,3.947,6.72,11.441,17.075,18.022,324.687
2,9,19,977C,third,1.45,3.217,5.702,8.397,11.409,159.873
2,11,19,977C,third,2.573,4.731,9.753,13.175,15.865,252.144
2,14,19,977C,third,2.28,4.35,7.334,10.262,16.617,215.727
2,17,19,977C,third,3.687,7.271,9.398,14.446,18.058,296.169
2,19,19,977C,third,2.608,5.066,9.323,14.085,17.114,261.306
2,22,19,977C,third,3.07,5.432,10.313,12.65,13.238,256.134
2,23,19,977C,third,2.186,4.421,8.712,12.17,17.047,235.749
2,3,20,974C,third,5.321,8.876,15.912,21.247,24.302,428.931
2,5,20,974C,third,3.822,6.375,10.408,15.276,18.503,305.193
2,6,20,974C,third,3.061,6.683,13.51,17.126,21.334,333.831
2,10,20,974C,third,2.771,5.801,11.947,16.206,21.348,309.333
2,11,20,974C,third,4.236,8.57,15.486,21.194,28.791,421.413
2,14,20,974C,third,3.41,6.783,12.055,16.001,22.913,328.923
2,16,20,974C,third,2.499,5.156,10.77,13.832,16.01,264.063
2,19,20,974C,third,3.734,6.109,12.748,16.181,21.57,330.948
2,21,20,974C,third,1.99,4.255,9.599,12.173,15.169,231.519
2,23,20,974C,third,2.949,5.551,11.225,15.604,21.1,301.815
3,1,21,973B,first,1.105,1.891,4.32,5.95,11.073,122.76
3,2,21,973B,first,1.07,3.012,3.8,7.075,10.491,130.845
3,4,21,973B,first,2.005,4.055,6.631,9.648,14.672,196.095
3,5,21,973B,first,1.601,4.411,6.533,11.579,16.559,208.83
3,6,21,973B,first,0.894,1.913,3.226,5.972,9.637,108.987
3,7,21,973B,first,0.896,1.756,2.991,5.872,9.691,106.227
3,8,21,973B,first,2.007,4.812,7.497,10.947,16.39,218.811
3,10,21,973B,first,1.403,3.218,5.636,8.172,9.513,151.74
3,11,21,973B,first,1.564,3.762,5.78,10.56,16.155,192.537
3,12,21,973B,first,1.606,3.9,6.721,11.861,19.485,217.437
3,1,22,973D,first,1.705,3.533,5.217,8.158,11.016,160.071
3,2,22,973D,first,1.468,3.511,5.61,9.03,14.45,174.276
3,3,22,973D,first,1.36,3.463,4.622,8.715,15.836,168.708
3,5,22,973D,first,2.102,4.45,6.682,10.694,15.458,208.86
3,7,22,973D,first,1.495,3.117,4.296,8.188,15.653,162.99
3,8,22,973D,first,1.902,4.448,6.677,10.509,14.947,203.175
3,9,22,973D,first,2.425,4.48,7.853,10.843,13.46,215.811
3,9,22,973D,first,1.709,3.91,5.214,10.267,14.92,186.741
3,11,22,973D,first,1.775,3.704,7.252,11.183,17.212,211.095
3,12,22,973D,first,0.977,1.979,3.151,5.081,10.912,108.657
3,1,23,974D,first,0,0.44,0.931,1.408,2.461,24.057
3,3,23,974D,first,0,0.329,0.611,0.975,1.866,17.088
3,4,23,974D,first,0,0.426,0.748,1.465,2.341,22.857
3,5,23,974D,first,0.1,0.445,0.898,1.457,2.654,26.262
3,6,23,974D,first,0,0.303,0.754,1.474,3.916,26.934
3,7,23,974D,first,0,0.492,0.727,1.802,3.727,29.307
3,9,23,974D,first,0,0.18,0.605,1.423,2.453,20.607
3,10,23,974D,first,0.17,0.55,1.153,2.263,5.678,43.38
3,12,23,974D,first,0.321,0.722,1.374,2.565,5.682,49.827
3,13,23,974D,first,0.055,0.684,1.524,3.274,6.379,52.854
3,1,24,976A,first,1.348,2.66,5.304,6.913,10.115,139.827
3,3,24,976A,first,0.402,1.414,2.949,5.01,9.693,91.347
3,4,24,976A,first,1.507,2.674,4.518,6.894,10.964,140.013
3,5,24,976A,first,1.14,2.134,3.372,5.693,9.993,114.273
3,6,24,976A,first,2.1,4.538,8.168,11.319,17.287,227.511
3,7,24,976A,first,1.849,4.121,7.611,12.694,19.773,233.61
3,8,24,976A,first,1.748,3.306,4.742,8.442,15.503,171.669
3,10,24,976A,first,1.538,2.92,4.852,7.733,10.781,148.443
3,11,24,976A,first,1.609,2.772,4.974,6.256,9.977,138.078
3,12,24,976A,first,1.124,2.351,3.916,6.065,12.081,127.095
3,2,25,976E,first,0.883,2.22,3.376,6.226,9.139,111.594
3,2,25,976E,first,1.362,3.001,5.097,8.096,13.863,159.183
3,3,25,976E,first,1.894,5.212,7.241,12.24,20.787,238.929
3,4,25,976E,first,1.921,4.131,6.467,9.624,16.157,198.618
3,6,25,976E,first,2.318,4.416,7.019,11.596,17.12,224.316
3,8,25,976E,first,2.01,4.435,7.422,11.283,17.178,220.524
3,9,25,976E,first,2.175,4.925,6.697,11.863,14.685,217.59
3,10,25,976E,first,2.014,5.022,9.487,13.558,17.09,249.882
3,11,25,976E,first,1.173,2.312,5.4,8.637,13.602,156.495
3,13,25,976E,first,1.614,3.168,6.919,9.921,15.798,191.652
3,1,21,973B,second,1.46,3.465,5.803,9.095,13.687,173.139
3,2,21,973B,second,1.662,3.657,6.339,9.138,14.374,182.856
3,4,21,973B,second,2.001,5.16,8.253,11.217,15.51,224.325
3,5,21,973B,second,2.23,4.984,7.208,11.05,14.944,217.734
3,6,21,973B,second,1.729,3.624,5.78,9.75,14.167,183.36
3,7,21,973B,second,1.991,4.472,8.099,13.128,20.367,245.16
3,8,21,973B,second,1.363,3.203,5.629,7.992,14.521,164.952
3,10,21,973B,second,1.417,2.893,4.279,8.081,11.635,147.678
3,11,21,973B,second,1.332,3.592,5.704,8.792,14.897,173.199
3,12,21,973B,second,1.424,2.861,5.577,8.592,12.121,159.903
3,1,22,973D,second,1.514,3.225,5.333,9.332,13.616,170.898
3,2,22,973D,second,1.791,3.854,6.509,9.435,12.785,184.008
3,3,22,973D,second,1.293,3.013,5.306,9.036,14.181,166.068
3,5,22,973D,second,1.988,4.002,6.981,11.177,15.611,209.613
3,7,22,973D,second,2.567,5.033,9.39,14.471,21.816,277.317
3,8,22,973D,second,1.21,2.284,3.33,5.579,9.232,113.004
3,9,22,973D,second,1.905,3.201,6.6,7.615,10.639,164.988
3,9,22,973D,second,2.556,4.93,8.288,15.875,21.284,276.75
3,11,22,973D,second,2.518,5.955,8.42,14.755,21.722,277.716
3,12,22,973D,second,2.186,5.783,8.748,12.574,20.025,255.495
3,1,23,974D,second,0.393,1.243,2.657,5.027,7.992,83.433
3,3,23,974D,second,1.016,3.161,6.06,10.066,14.045,173.097
3,4,23,974D,second,1.097,2.883,4.426,7.383,14.391,147.78
3,5,23,974D,second,0.712,1.736,3.156,5.93,9.826,105.09
3,6,23,974D,second,0.662,2.171,4.308,7.712,11.018,128.13
3,7,23,974D,second,0.563,1.441,2.572,4.181,6.687,77.67
3,9,23,974D,second,0.493,1.62,2.883,5.374,9.11,93.987
3,10,23,974D,second,0.699,2.351,4.245,7.004,11.311,126.018
3,12,23,974D,second,0.6,2.39,4.527,7.957,11.299,132.141
3,13,23,974D,second,0.555,1.654,3.649,5.936,9.051,102.912
3,1,24,976A,second,1.385,3.467,5.985,8.869,12.672,168.717
3,3,24,976A,second,1.736,4.569,6.896,11.457,16.373,212.691
3,4,24,976A,second,2.25,4.104,7.551,10.777,14.731,212.535
3,5,24,976A,second,2.023,4.672,6.677,11.439,15.12,212.433
3,6,24,976A,second,2.926,5.905,10.779,13.989,23.424,298.2
3,7,24,976A,second,2.757,6.044,8.106,12.378,18.262,255.309
3,8,24,976A,second,1.898,4.998,8.214,12.434,20.29,243.216
3,10,24,976A,second,1.654,3.551,5.871,10.815,14.695,190.317
3,11,24,976A,second,1.942,4.11,4.911,8.678,15.213,180.963
3,12,24,976A,second,1.356,3.821,5.937,9.205,15.875,181.743
3,2,25,976E,second,1.791,0.587,1.513,2.472,4.469,67.704
3,2,25,976E,second,0.526,1.479,3.172,5.618,9.434,97.806
3,3,25,976E,second,0.534,1.689,2.728,5.538,8.702,93.846
3,4,25,976E,second,0.659,1.793,3.7,5.597,8.721,102.588
3,6,25,976E,second,1.535,2.818,5.627,9.509,15.878,178.383
3,8,25,976E,second,1.913,4.099,7.663,12.703,15.492,221.961
3,9,25,976E,second,1.311,3.182,5.866,9.337,14.593,173.754
3,10,25,976E,second,1.707,4.049,7.366,12.515,17.173,220.704
3,11,25,976E,second,1.604,3.58,7.203,11.449,15.293,203.331
3,13,25,976E,second,1.142,2.569,4.396,7.98,13.763,148.089
3,1,21,973B,third,NA,NA,NA,NA,NA,NA
3,2,21,973B,third,NA,NA,NA,NA,NA,NA
3,4,21,973B,third,NA,NA,NA,NA,NA,NA
3,5,21,973B,third,NA,NA,NA,NA,NA,NA
3,6,21,973B,third,NA,NA,NA,NA,NA,NA
3,7,21,973B,third,NA,NA,NA,NA,NA,NA
3,8,21,973B,third,NA,NA,NA,NA,NA,NA
3,10,21,973B,third,NA,NA,NA,NA,NA,NA
3,11,21,973B,third,NA,NA,NA,NA,NA,NA
3,12,21,973B,third,NA,NA,NA,NA,NA,NA
3,1,22,973D,third,0.471,1.072,2.319,4.221,6.229,71.424
3,2,22,973D,third,0.606,1.582,2.708,4.579,7.47,84.714
3,3,22,973D,third,0.51,1.017,2.383,4.169,6.801,73.467
3,5,22,973D,third,0.631,1.706,3.785,6.685,9.71,111.651
3,7,22,973D,third,1.579,3.825,7.384,11.143,16.604,207.609
3,8,22,973D,third,0.658,1.055,2.229,4.739,7.902,81.714
3,9,22,973D,third,1.155,2.234,4.005,6.742,10.473,126.63
3,9,22,973D,third,0.004,0.644,1.911,4.552,9.183,70.251
3,11,22,973D,third,0.003,0.836,1.988,4.983,9.326,74.865
3,12,22,973D,third,1.163,3.096,7.08,10.78,16.116,191.529
3,1,23,974D,third,0.002,0.004,0.002,0.084,0.646,2.508
3,3,23,974D,third,0.002,0.005,0.001,0.516,1.276,6.99
3,4,23,974D,third,0.003,0.003,0.003,0.287,0.853,4.362
3,5,23,974D,third,0.004,0.003,0.211,0.44,0.685,6.039
3,6,23,974D,third,0.004,0.228,0.411,1.088,2.181,16.965
3,7,23,974D,third,0.272,0.387,0.59,0.926,1.331,19.491
3,9,23,974D,third,0.004,0.003,0.004,0.424,0.698,4.74
3,10,23,974D,third,0.005,0.139,0.349,0.889,1.209,11.964
3,12,23,974D,third,0.003,0.329,0.442,0.796,1.258,13.221
3,13,23,974D,third,0.002,0.003,0.004,0.503,1.193,6.669
3,1,24,976A,third,0.002,0.004,0.002,0.003,0.197,0.675
3,3,24,976A,third,0.002,0.005,0.001,0.003,0.005,0.099
3,4,24,976A,third,0.003,0.003,0.003,0.002,0.341,1.116
3,5,24,976A,third,0.096,0.167,0.144,0.27,0.494,6.408
3,6,24,976A,third,0.003,0.003,0.004,0.002,0.004,0.111
3,7,24,976A,third,0.003,0.004,0.002,0.004,0.002,0.111
3,8,24,976A,third,0.003,0.002,0.004,0.003,0.003,0.108
3,10,24,976A,third,0.005,0.002,0.002,0.003,0.003,0.126
3,11,24,976A,third,0.293,0.36,0.593,0.755,1.025,17.718
3,12,24,976A,third,0.003,0.005,0.005,0.002,0.003,0.126
3,2,25,976E,third,1.663,3.581,5.362,9.527,13.458,176.139
3,2,25,976E,third,2.26,4.92,9.076,11.948,18.132,243.96
3,3,25,976E,third,2.1,4.214,7.647,11.184,16.65,219.72
3,4,25,976E,third,0.995,1.92,3.683,5.974,8.691,110.46
3,6,25,976E,third,1.728,4.675,7.829,11.396,18.578,225.054
3,8,25,976E,third,1.734,4.553,8.712,14.135,23.302,260.316
3,9,25,976E,third,1.076,3.072,6.165,9.897,14.407,174.165
3,10,25,976E,third,0.51,1.849,4.824,7.684,14.607,137.613
3,11,25,976E,third,1.84,4.654,7.177,10.977,17.382,216.594
3,13,25,976E,third,1.682,3.798,7.311,11.069,17.868,211.902
4,1,26,972B,first,0.747,1.651,2.816,5.842,8.404,98.271
4,2,26,972B,first,1.194,2.271,4.093,6.228,10.885,126.117
4,3,26,972B,first,1.031,1.931,5.091,6.671,9.727,126.804
4,4,26,972B,first,1.33,2.721,5.199,8.174,13.454,156.876
4,5,26,972B,first,1,1.441,4.239,6.01,9.778,114.474
4,6,26,972B,first,0.533,1.151,2.274,3.863,6.338,70.737
4,7,26,972B,first,1.392,1.506,2.359,5.071,7.895,98.181
4,8,26,972B,first,0.833,1.52,2.588,5,8.751,93.396
4,9,26,972B,first,1.085,2.047,5.31,10.262,14.956,166.857
4,10,26,972B,first,0.741,1.537,3.11,6.087,10.478,106.953
4,1,27,972D,first,0,0.561,0.808,1.326,1.881,21.813
4,2,27,972D,first,0,0.427,0.607,0.976,1.136,15.468
4,3,27,972D,first,0,0.004,0.001,1.111,0.973,9.615
4,4,27,972D,first,0,0.005,0.502,1.014,1.7,14.226
4,5,27,972D,first,0,0.002,0.006,0.534,0.861,5.835
4,6,27,972D,first,0.263,0.465,0.925,1.235,2.019,25.752
4,7,27,972D,first,0,0.002,0.39,0.399,0.478,6.18
4,8,27,972D,first,0,0.002,0.698,1.35,2.054,18.462
4,9,27,972D,first,0,0.576,1.012,1.754,2.357,27.123
4,10,27,972D,first,0,0.002,0.469,0.792,1.168,11.082
4,1,28,973C,first,1.134,1.417,2.702,4.048,6.156,84.48
4,2,28,973C,first,0.572,1.297,2.659,5.647,8.609,92.025
4,3,28,973C,first,0.641,1.763,3.069,5.022,7.947,92.58
4,4,28,973C,first,0.569,1.147,1.658,3.093,4.434,57.225
4,5,28,973C,first,0.228,0.888,1.658,2.776,4.631,49.245
4,6,28,973C,first,0.423,1.249,2.654,4.997,8.67,85.755
4,7,28,973C,first,0.252,0.664,1.663,3.049,4.871,50.649
4,8,28,973C,first,0.566,1.235,2.905,4.687,9.239,89.169
4,9,28,973C,first,0.458,1.052,1.606,2.703,3.995,51.021
4,10,28,973C,first,0.584,1.139,2.344,4.487,6.666,76.578
4,1,29,974C,first,0.575,1.085,3.021,3.993,6.831,77.712
4,2,29,974C,first,0.747,1.204,2.681,4.675,6.954,83.427
4,3,29,974C,first,0,0.861,1.866,3.467,3.818,48.618
4,4,29,974C,first,0.584,1.723,3.244,5.194,7.678,92.76
4,5,29,974C,first,0,0.796,1.489,2.772,4.878,44.976
4,6,29,974C,first,0.295,0.724,2.093,3.481,5.508,58.737
4,7,29,974C,first,0.643,0.81,1.588,2.628,3.725,50.976
4,8,29,974C,first,0.63,1.512,3.026,5.3,8.767,94.779
4,9,29,974C,first,0.8,1.449,2.627,4.059,7.178,82.344
4,10,29,974C,first,1.435,2.175,3.174,5.085,7.984,108.081
4,1,26,972B,second,1.578,2.837,4.422,7.819,9.022,141.204
4,2,26,972B,second,1.155,2.4,4.483,8.879,9.986,141.855
4,3,26,972B,second,1.19,2.209,4.446,7.935,11.126,138.768
4,4,26,972B,second,1.546,3.242,5.317,8.849,10.881,160.281
4,5,26,972B,second,0.495,1.183,4.838,8.471,10.464,125.769
4,6,26,972B,second,1.068,2.006,5.078,9.644,12.752,154.644
4,7,26,972B,second,1.071,2.116,4.146,6.878,8.63,120.795
4,8,26,972B,second,0.971,2.412,6.545,10.454,13.578,171.765
4,9,26,972B,second,1.594,3.666,6.384,10.463,13.265,186.783
4,10,26,972B,second,0.717,1.957,5.095,8.492,10.615,135.864
4,1,27,972D,second,0.199,0.866,1.247,2.03,2.296,34.731
4,2,27,972D,second,0.624,1.161,1.843,2.235,3.07,50.004
4,3,27,972D,second,0.779,1.32,2.117,2.814,3.758,60.465
4,4,27,972D,second,0.545,0.918,1.715,2.59,2.643,47.442
4,5,27,972D,second,0.852,1.536,2.315,2.994,3.704,64.962
4,6,27,972D,second,0.512,0.807,1.452,2.336,3.064,44.442
4,7,27,972D,second,0.352,0.579,1.273,1.999,2.497,35.877
4,8,27,972D,second,0.4,0.631,1.33,1.99,2.491,37.179
4,9,27,972D,second,0.002,0.576,1.055,1.622,2.167,26.049
4,10,27,972D,second,0.004,0.816,1.747,2.415,3.558,40.602
4,1,28,973C,second,0.826,1.764,3.435,6.712,8.77,110.166
4,2,28,973C,second,1.127,2.082,4.25,8.245,10.443,135.696
4,3,28,973C,second,2.265,2.575,4.991,9.228,12.148,171.183
4,4,28,973C,second,1.28,2.846,6.467,10.694,13.722,180.408
4,5,28,973C,second,0.968,3.457,7.365,10.997,14.425,188.709
4,6,28,973C,second,0.552,1.595,3.257,7.278,8.673,107.079
4,7,28,973C,second,1.089,2.222,5.3,9.148,10.977,149.286
4,8,28,973C,second,0.859,1.83,3.836,7.002,9.566,117.591
4,9,28,973C,second,0.508,1.19,2.149,4.646,4.976,70.458
4,10,28,973C,second,0.627,1.288,2.947,3.822,5.795,75.132
4,1,29,974C,second,1.949,3.65,6.689,12.087,15.42,210.051
4,2,29,974C,second,0.892,2.089,3.999,6.67,10.977,122.859
4,3,29,974C,second,1.01,1.905,4.762,9.319,12.698,149.16
4,4,29,974C,second,1.301,2.472,5.989,10.453,12.788,171.363
4,5,29,974C,second,1.274,2.632,4.937,9.593,12.93,160.872
4,6,29,974C,second,0.669,1.63,4.207,9.007,12.283,135.948
4,7,29,974C,second,0.777,2.394,5.824,11.569,13.46,170.757
4,8,29,974C,second,1.319,3.306,5.956,11.866,16.888,197.217
4,9,29,974C,second,1.162,2.199,4.087,6.671,8.959,122.049
4,10,29,974C,second,1.094,2.083,4.729,8.463,10.586,139.818
4,1,26,972B,third,3.178,6.427,10.057,14.225,22.056,298.092
4,2,26,972B,third,2.651,5.671,9.624,14.427,17.327,270.078
4,3,26,972B,third,2.105,4.913,8.52,11.833,16.987,234.132
4,4,26,972B,third,1.868,5.312,8.822,13.351,19.585,251.685
4,5,26,972B,third,2.682,5.056,8.651,12.454,17.17,248.706
4,6,26,972B,third,2.669,5.461,9.238,13.236,19.402,265.851
4,7,26,972B,third,1.685,3.633,7.57,10.929,16.347,207.108
4,8,26,972B,third,2.46,5.653,9.977,15.442,21.808,288.756
4,9,26,972B,third,1.444,4.075,7.552,11.049,16.797,208.107
4,10,26,972B,third,2.081,4.198,6.919,10.758,13.053,201.624
4,1,27,972D,third,0.889,1.556,2.489,3.446,4.135,70.686
4,2,27,972D,third,0.758,1.438,1.955,2.793,3.38,58.626
4,3,27,972D,third,1,2.05,3.487,3.976,5.997,90.069
4,4,27,972D,third,0.757,1.772,2.658,3.628,4.256,72.471
4,5,27,972D,third,0.245,0.435,0.845,1.151,1.508,22.785
4,6,27,972D,third,0.536,1.123,2.144,2.702,3.652,54.81
4,7,27,972D,third,0.705,1.221,2.301,3.268,5.736,68.523
4,8,27,972D,third,0.597,1.302,2.272,2.984,4.59,62.073
4,9,27,972D,third,0.722,0.796,1.038,1.54,2.073,37.293
4,10,27,972D,third,1.128,2.023,3.622,5.308,6.27,101.448
4,1,28,973C,third,1.327,3.871,6.717,10.302,13.511,185.778
4,2,28,973C,third,1.767,4.076,7.359,11.389,18.228,218.133
4,3,28,973C,third,1.332,3.51,6.646,9.82,14.427,183.117
4,4,28,973C,third,2.057,5.081,8.255,10.27,17.312,224.427
4,5,28,973C,third,1.077,3.269,5.866,8.861,14.223,166.8
4,6,28,973C,third,0.929,2.577,4.658,12.054,11.295,163.554
4,7,28,973C,third,2.207,4.567,8.315,12.683,18.084,240.747
4,8,28,973C,third,2.37,5.44,9.643,13.002,20.589,265.827
4,9,28,973C,third,1.013,2.849,6.37,8.812,16.208,172.005
4,10,28,973C,third,1.189,3.004,5.701,8.26,12.929,158.412
4,1,29,974C,third,2.422,4.816,7.928,12.11,20.031,245.547
4,2,29,974C,third,2.426,6.079,9.816,12.752,17.451,260.625
4,3,29,974C,third,1.226,2.428,4.535,7.213,10.932,136.242
4,4,29,974C,third,2.247,5.256,9.701,14.211,20.223,269.382
4,5,29,974C,third,1.668,3.958,6.266,9.284,13.835,183.573
4,6,29,974C,third,1.28,3.122,6.546,9.762,15.65,182.73
4,7,29,974C,third,1.713,3.699,7.222,12.849,17.917,222.066
4,8,29,974C,third,1.775,4.199,8.561,13.286,19.936,242.709
4,9,29,974C,third,2.187,4.533,7.601,10.677,17.167,221.172
4,10,29,974C,third,2.243,4.715,8.418,12.691,18.862,245.175
