Block,Isolate,Cultivar_number,Cultivar_name,24,30,36,42,48,54,60,66,AUMPC (48),AUMPC (66 h),X__1,X__2,X__3,X__4
1,2B,1,Pérola,1.625,3.77,6.505,9.696,15.834,NA,NA,NA,191.70300000000003,NA,NA,NA,Isolate 2B,24-30-36-42-48
7,2B,1,Pérola,0.737,1.718,3.213,5.588,7.945,NA,NA,NA,98.004,NA,NA,NA,Isolate 2D,24-30-36-42-48-54-60-66
16,2B,1,Pérola,1.235,3.165,5.96,9.913,14.517,NA,NA,NA,176.30399999999997,NA,NA,NA,NA,NA
19,2B,1,Pérola,1.181,3.039,4.952,7.655,13.583,NA,NA,NA,152.34,NA,NA,NA,NA,NA
24,2B,1,Pérola,0.886,2.137,4.125,7.659,10.702,NA,NA,NA,128.922,NA,NA,NA,NA,NA
33,2B,1,Pérola,1.793,4.1,6.286,9.583,15.083,NA,NA,NA,191.958,NA,NA,NA,NA,NA
37,2D,1,Pérola,0.206,0.488,0.739,1.36,1.823,2.134,2.886,4.111,24.081000000000003,72.00299999999999,NA,NA,NA,NA
41,2D,1,Pérola,0.082,0.426,0.98,1.292,2.042,2.818,3.129,4.614,23.543999999999997,79.194,NA,NA,NA,NA
52,2D,1,Pérola,0.522,1.098,1.538,2.198,2.895,3.572,5.221,5.946,45.519,124.8,NA,NA,NA,NA
54,2D,1,Pérola,0.459,0.856,1.618,2.099,2.35,2.946,3.831,4.966,41.373000000000005,103.98299999999998,NA,NA,NA,NA
60,2D,1,Pérola,0.34,0.654,1.133,1.561,2.658,4.813,8.55,9.191,33.162,148.887,NA,NA,NA,NA
64,2D,1,Pérola,0.553,0.858,0.952,0.924,1.324,1.659,1.723,2.514,28.671,60.477,NA,NA,NA,NA
1,2B,2,BRS Pontal,1.363,2.261,5.405,9.059,14.592,NA,NA,NA,164.57099999999997,NA,NA,NA,NA,NA
7,2B,2,BRS Pontal,2.25,4.849,9.182,14.802,26.313,NA,NA,NA,285.687,NA,NA,NA,NA,NA
13,2B,2,BRS Pontal,1.874,4.031,7.825,10.825,17.52,NA,NA,NA,216.756,NA,NA,NA,NA,NA
23,2B,2,BRS Pontal,1.321,3.96,6.859,9.016,13.113,NA,NA,NA,178.164,NA,NA,NA,NA,NA
27,2B,2,BRS Pontal,0.831,3.177,5.844,9.388,15.834,NA,NA,NA,170.42100000000002,NA,NA,NA,NA,NA
32,2B,2,BRS Pontal,1.345,3.062,4.853,7.718,12.06,NA,NA,NA,150.15300000000002,NA,NA,NA,NA,NA
36,2D,2,BRS Pontal,0.387,0.893,1.227,1.493,1.516,2.25,2.461,3.441,32.031,75.168,NA,NA,NA,NA
44,2D,2,BRS Pontal,0.458,1.093,1.791,2.803,3.961,5.545,8.122,11.251,52.875,180.51299999999998,NA,NA,NA,NA
48,2D,2,BRS Pontal,0.069,0.723,1.03,1.664,2.26,2.939,4.095,6.22,28.317,95.961,NA,NA,NA,NA
56,2D,2,BRS Pontal,0.389,1.024,2.043,3.345,5.691,9.685,12.641,18.515,61.379999999999995,267.954,NA,NA,NA,NA
59,2D,2,BRS Pontal,0.322,0.523,1.356,2.152,4.036,6.779,9.998,11.196,41.124,187.482,NA,NA,NA,NA
64,2D,2,BRS Pontal,0.474,1.423,2.33,3.705,4.178,6.504,6.787,11.049,64.39200000000001,189.819,NA,NA,NA,NA
1,2B,3,BRS Cometa,0.708,1.607,2.925,4.684,9.574,NA,NA,NA,94.63799999999999,NA,NA,NA,NA,NA
12,2B,3,BRS Cometa,1.213,2.873,5.481,8.794,14.83,NA,NA,NA,165.57300000000004,NA,NA,NA,NA,NA
14,2B,3,BRS Cometa,1.906,3.973,6.42,10.719,23.379,NA,NA,NA,225.399,NA,NA,NA,NA,NA
19,2B,3,BRS Cometa,1.24,3.198,3.037,7.152,11.621,NA,NA,NA,133.785,NA,NA,NA,NA,NA
28,2B,3,BRS Cometa,1.042,2.66,4.213,7.036,13.115,NA,NA,NA,138.429,NA,NA,NA,NA,NA
31,2B,3,BRS Cometa,1.195,2.356,3.633,5.94,8.748,NA,NA,NA,115.743,NA,NA,NA,NA,NA
38,2D,3,BRS Cometa,0.001,0.061,0.488,1.085,1.463,2.714,3.356,3.33,14.208,65.007,NA,NA,NA,NA
45,2D,3,BRS Cometa,0.268,0.651,0.98,1.578,2.272,3.41,4.182,5.46,30.09,98.83799999999998,NA,NA,NA,NA
47,2D,3,BRS Cometa,0.536,1.378,1.46,1.797,2.396,3.001,3.59,3.917,43.038,101.523,NA,NA,NA,NA
56,2D,3,BRS Cometa,0.137,0.885,1.859,2.803,5.018,6.429,9.159,10.096,50.391,189.261,NA,NA,NA,NA
62,2D,3,BRS Cometa,0.111,0.779,1.252,1.781,3.539,7.706,8.249,13.663,35.154,182.48999999999998,NA,NA,NA,NA
64,2D,3,BRS Cometa,0.405,0.986,1.4,2.336,3.097,5.386,6.174,6.715,43.698,142.494,NA,NA,NA,NA
1,2B,4,BRS Requinte,0.917,2.461,4.191,8.812,14.847,NA,NA,NA,151.08,NA,NA,NA,NA,NA
11,2B,4,BRS Requinte,2,4.631,7.507,10.291,15.64,NA,NA,NA,211.494,NA,NA,NA,NA,NA
12,2B,4,BRS Requinte,1.409,3.346,7.033,10.285,16.261,NA,NA,NA,193.90200000000004,NA,NA,NA,NA,NA
22,2B,4,BRS Requinte,1.745,3.263,4.795,8.08,13.966,NA,NA,NA,164.901,NA,NA,NA,NA,NA
29,2B,4,BRS Requinte,2.64,4.704,7.588,11.582,19.927,NA,NA,NA,242.625,NA,NA,NA,NA,NA
30,2B,4,BRS Requinte,2.174,4.501,8.903,12.389,18.533,NA,NA,NA,242.96699999999998,NA,NA,NA,NA,NA
40,2D,4,BRS Requinte,0.23,0.869,1.412,2.79,3.586,6.401,8.016,10.306,44.63399999999999,172.81199999999995,NA,NA,NA,NA
45,2D,4,BRS Requinte,0.06,0.209,0.666,1.106,1.546,2.116,2.96,4.086,17.424,64.77600000000001,NA,NA,NA,NA
47,2D,4,BRS Requinte,0.419,1.016,1.474,1.821,2.714,4.021,3.724,4.893,40.293,109.58400000000002,NA,NA,NA,NA
53,2D,4,BRS Requinte,0.485,0.932,1.343,1.999,2.984,5.202,7.121,9.796,41.871,154.14899999999997,NA,NA,NA,NA
63,2D,4,BRS Requinte,0.385,0.756,1.359,2.278,3.015,6.977,8.653,12.585,41.178,181.758,NA,NA,NA,NA
65,2D,4,BRS Requinte,0.425,0.85,1.472,2.403,2.808,4.095,5.115,6.38,43.14900000000001,125.97299999999998,NA,NA,NA,NA
2,2B,5,IPR Gralha,0.944,2.324,3.792,7.007,10.192,NA,NA,NA,123.474,NA,NA,NA,NA,NA
10,2B,5,IPR Gralha,1.667,4.117,7.237,10.34,15.176,NA,NA,NA,200.697,NA,NA,NA,NA,NA
15,2B,5,IPR Gralha,1.733,3.48,6.588,9.702,19.185,NA,NA,NA,202.17000000000002,NA,NA,NA,NA,NA
23,2B,5,IPR Gralha,1.964,3.746,5.662,8.785,14.238,NA,NA,NA,181.332,NA,NA,NA,NA,NA
29,2B,5,IPR Gralha,0.322,0.732,1.625,2.427,5.209,NA,NA,NA,49.16099999999999,NA,NA,NA,NA,NA
34,2B,5,IPR Gralha,1.854,3.553,5.604,10.701,17.119,NA,NA,NA,198.315,NA,NA,NA,NA,NA
41,2D,5,IPR Gralha,0.461,0.854,1.261,2.157,3.417,4.985,5.997,8.156,42.798,143.40900000000002,NA,NA,NA,NA
42,2D,5,IPR Gralha,0.463,0.729,1.181,1.327,1.725,2.4,2.449,2.979,31.542,74.74799999999999,NA,NA,NA,NA
50,2D,5,IPR Gralha,0.001,0.399,0.794,1.308,1.711,2.908,3.238,3.915,20.154,73.908,NA,NA,NA,NA
54,2D,5,IPR Gralha,0.419,0.9,1.329,2.227,3.009,4.233,5.616,7.398,42.047999999999995,132.363,NA,NA,NA,NA
61,2D,5,IPR Gralha,0.267,0.584,0.681,1.26,2.058,3.816,4.529,6.13,25.329,99.96299999999997,NA,NA,NA,NA
65,2D,5,IPR Gralha,0.54,0.968,1.648,2.953,4.8,8.399,10.197,12.682,55.914,219.936,NA,NA,NA,NA
2,2B,6,IPR Curió,1.002,2,3.829,6.495,9.699,NA,NA,NA,118.071,NA,NA,NA,NA,NA
12,2B,6,IPR Curió,1.633,3.976,6.713,10.119,15.895,NA,NA,NA,197.02800000000002,NA,NA,NA,NA,NA
15,2B,6,IPR Curió,1.233,3.065,5.102,10.931,14.534,NA,NA,NA,176.685,NA,NA,NA,NA,NA
20,2B,6,IPR Curió,1.987,4.292,7.203,11.018,14.237,NA,NA,NA,207.594,NA,NA,NA,NA,NA
26,2B,6,IPR Curió,1.849,4.539,7.511,12.495,19.327,NA,NA,NA,232.986,NA,NA,NA,NA,NA
33,2B,6,IPR Curió,NA,NA,NA,NA,NA,NA,NA,NA,NA,NA,NA,NA,NA,NA
39,2D,6,IPR Curió,NA,NA,NA,NA,NA,NA,NA,NA,NA,NA,NA,NA,NA,NA
41,2D,6,IPR Curió,NA,NA,NA,NA,NA,NA,NA,NA,NA,NA,NA,NA,NA,NA
49,2D,6,IPR Curió,NA,NA,NA,NA,NA,NA,NA,NA,NA,NA,NA,NA,NA,NA
55,2D,6,IPR Curió,NA,NA,NA,NA,NA,NA,NA,NA,NA,NA,NA,NA,NA,NA
61,2D,6,IPR Curió,NA,NA,NA,NA,NA,NA,NA,NA,NA,NA,NA,NA,NA,NA
65,2D,6,IPR Curió,NA,NA,NA,NA,NA,NA,NA,NA,NA,NA,NA,NA,NA,NA
2,2B,7,IPR Uirapuru,1.133,3.339,6.852,10.499,14.251,NA,NA,NA,183.888,NA,NA,NA,NA,NA
9,2B,7,IPR Uirapuru,1.471,3.866,7.854,11.119,15.246,NA,NA,NA,204.837,NA,NA,NA,NA,NA
17,2B,7,IPR Uirapuru,2.212,5.25,8.143,14.721,20.134,NA,NA,NA,262.266,NA,NA,NA,NA,NA
20,2B,7,IPR Uirapuru,1.477,3.707,5.996,10.212,14.783,NA,NA,NA,185.99399999999997,NA,NA,NA,NA,NA
25,2B,7,IPR Uirapuru,1.276,3.095,6.131,9.222,17.896,NA,NA,NA,183.51600000000002,NA,NA,NA,NA,NA
35,2B,7,IPR Uirapuru,1.643,3.451,9.457,10.972,15.453,NA,NA,NA,214.28400000000002,NA,NA,NA,NA,NA
38,2D,7,IPR Uirapuru,0.001,0.222,0.59,1.197,2.006,2.792,3.869,4.613,18.087,77.91000000000001,NA,NA,NA,NA
43,2D,7,IPR Uirapuru,0.091,0.463,0.759,1.713,2.283,2.897,3.631,4.773,25.823999999999998,86.16,NA,NA,NA,NA
50,2D,7,IPR Uirapuru,0.001,0.511,1.06,1.606,2.446,4.971,5.24,5.718,26.415000000000006,112.17300000000003,NA,NA,NA,NA
53,2D,7,IPR Uirapuru,0.557,0.662,1.22,1.529,2.283,2.729,3.178,4.459,35.67,91.338,NA,NA,NA,NA
60,2D,7,IPR Uirapuru,0.004,0.34,1.019,1.415,1.678,2.476,2.661,3.424,21.738,67.866,NA,NA,NA,NA
65,2D,7,IPR Uirapuru,0.899,1.791,3.244,5.6,7.98,14.713,17.503,20.169,101.235,378.978,NA,NA,NA,NA
2,2B,8,IPR Tuiuiu,0.002,0.539,1.425,3.095,7.049,NA,NA,NA,51.531,NA,NA,NA,NA,NA
8,2B,8,IPR Tuiuiu,0.486,1.608,2.469,4.413,6.656,NA,NA,NA,78.19799999999998,NA,NA,NA,NA,NA
16,2B,8,IPR Tuiuiu,1.678,4.845,7.927,11.726,20.836,NA,NA,NA,234.66599999999997,NA,NA,NA,NA,NA
21,2B,8,IPR Tuiuiu,1.742,3.261,6.917,12.128,17.93,NA,NA,NA,213.75600000000003,NA,NA,NA,NA,NA
24,2B,8,IPR Tuiuiu,1.041,2.156,2.642,4.584,7.439,NA,NA,NA,94.224,NA,NA,NA,NA,NA
33,2B,8,IPR Tuiuiu,1.748,3.726,5.14,9.641,14.741,NA,NA,NA,181.48499999999999,NA,NA,NA,NA,NA
40,2D,8,IPR Tuiuiu,0.245,0.935,1.395,2.318,4.28,6.894,9.911,14.102,44.403,200.379,NA,NA,NA,NA
46,2D,8,IPR Tuiuiu,0.364,0.802,1.235,1.96,2.935,3.906,5.099,6.4,38.247,120.28200000000001,NA,NA,NA,NA
51,2D,8,IPR Tuiuiu,0.002,0.516,0.985,1.454,2.191,3.389,4.471,5.681,24.333,95.10900000000002,NA,NA,NA,NA
57,2D,8,IPR Tuiuiu,0.13,0.548,1.115,1.972,3.987,6.788,9.947,14.505,35.721,191.607,NA,NA,NA,NA
61,2D,8,IPR Tuiuiu,0.602,0.912,1.563,2.743,3.874,7.569,8.735,12.599,51.96000000000001,199.203,NA,NA,NA,NA
66,2D,8,IPR Tuiuiu,0.41,1.123,2.021,3.966,6.255,9.941,13.107,17.865,67.575,278.22300000000007,NA,NA,NA,NA
3,2B,9,IPR Andorinha,1.852,3.454,6.293,9.63,13.772,NA,NA,NA,185.358,NA,NA,NA,NA,NA
9,2B,9,IPR Andorinha,1.59,4.147,5.686,9.565,14.815,NA,NA,NA,184.68300000000002,NA,NA,NA,NA,NA
16,2B,9,IPR Andorinha,2.502,5.616,8.8,12.827,20.765,NA,NA,NA,263.28299999999996,NA,NA,NA,NA,NA
18,2B,9,IPR Andorinha,0.971,2.654,5.747,9.5,15.739,NA,NA,NA,169.188,NA,NA,NA,NA,NA
26,2B,9,IPR Andorinha,1.153,2.785,4.82,7.51,12.756,NA,NA,NA,146.25300000000001,NA,NA,NA,NA,NA
31,2B,9,IPR Andorinha,1.328,3.228,6.279,9.827,12.824,NA,NA,NA,174.39600000000004,NA,NA,NA,NA,NA
39,2D,9,IPR Andorinha,0.002,0.237,0.586,1.112,1.534,2.429,3.457,5.252,16.242,71.91599999999998,NA,NA,NA,NA
42,2D,9,IPR Andorinha,0.275,0.737,0.999,1.414,2.12,2.995,3.712,5.782,29.385,93.333,NA,NA,NA,NA
48,2D,9,IPR Andorinha,0.378,0.73,0.874,1.863,2.754,4.603,7.323,10.249,34.734,145.29900000000004,NA,NA,NA,NA
54,2D,9,IPR Andorinha,0.01,0.653,0.79,1.229,1.622,1.931,2.454,3.417,21.048000000000002,62.475,NA,NA,NA,NA
62,2D,9,IPR Andorinha,0.297,0.701,0.906,1.605,2.242,4.035,3.807,5.727,30.453000000000003,101.412,NA,NA,NA,NA
66,2D,9,IPR Andorinha,0.561,1.241,2.012,2.742,3.513,4.552,5.306,7.285,54.924,146.466,NA,NA,NA,NA
3,2B,10,IPR Bem-te-vi,3.097,5.538,9.656,13.96,20.87,NA,NA,NA,283.989,NA,NA,NA,NA,NA
7,2B,10,IPR Bem-te-vi,1.72,2.926,4.572,8.001,12.112,NA,NA,NA,155.13,NA,NA,NA,NA,NA
17,2B,10,IPR Bem-te-vi,0.634,1.179,2.425,4.216,6.968,NA,NA,NA,77.334,NA,NA,NA,NA,NA
19,2B,10,IPR Bem-te-vi,1.333,2.531,4.458,8.31,13.356,NA,NA,NA,151.857,NA,NA,NA,NA,NA
27,2B,10,IPR Bem-te-vi,1.045,2.407,5.033,8.678,15.907,NA,NA,NA,160.10399999999998,NA,NA,NA,NA,NA
32,2B,10,IPR Bem-te-vi,2.113,4.861,6.441,10.533,16.175,NA,NA,NA,211.23,NA,NA,NA,NA,NA
35,2D,10,IPR Bem-te-vi,0.003,0.003,0.305,0.328,0.617,0.877,1.132,1.261,5.711999999999999,23.400000000000002,NA,NA,NA,NA
41,2D,10,IPR Bem-te-vi,0.143,0.418,0.759,1.472,1.847,2.471,3.458,3.58,23.58,75.43499999999999,NA,NA,NA,NA
50,2D,10,IPR Bem-te-vi,0.212,0.73,0.98,1.608,2.138,3.635,4.217,5.921,29.502,100.79099999999998,NA,NA,NA,NA
53,2D,10,IPR Bem-te-vi,0.536,1.177,1.696,2.769,3.883,6.304,8.545,12.383,53.541000000000004,191.433,NA,NA,NA,NA
63,2D,10,IPR Bem-te-vi,0.205,0.525,1.174,2.137,2.693,4.927,6.192,9.011,34.17,135.996,NA,NA,NA,NA
66,2D,10,IPR Bem-te-vi,0.426,0.55,1.161,1.503,2.36,3.079,3.635,3.952,32.754,91.97399999999999,NA,NA,NA,NA
3,2B,11,IPR Tangará,1.052,3.061,5.06,8.913,14.129,NA,NA,NA,160.37099999999998,NA,NA,NA,NA,NA
8,2B,11,IPR Tangará,0.885,2.461,2.939,5.593,10.778,NA,NA,NA,111.56700000000001,NA,NA,NA,NA,NA
18,2B,11,IPR Tangará,1.051,2.378,4.259,5.752,10.81,NA,NA,NA,122.52900000000001,NA,NA,NA,NA,NA
20,2B,11,IPR Tangará,2.643,4.753,6.892,11.014,17.351,NA,NA,NA,227.652,NA,NA,NA,NA,NA
28,2B,11,IPR Tangará,1.674,3.837,5.859,8.232,12.683,NA,NA,NA,170.727,NA,NA,NA,NA,NA
30,2B,11,IPR Tangará,2.511,4.649,8.087,10.139,14.997,NA,NA,NA,219.906,NA,NA,NA,NA,NA
36,2D,11,IPR Tangará,0.436,0.781,1.158,1.65,1.987,3.276,3.97,5.966,34.035000000000004,101.36999999999999,NA,NA,NA,NA
42,2D,11,IPR Tangará,0.121,0.377,0.645,0.883,1.132,1.394,1.5,2.153,16.641,43.86,NA,NA,NA,NA
48,2D,11,IPR Tangará,0.15,0.546,1.089,1.551,2.1,2.533,3.091,3.609,27.666,78.53699999999999,NA,NA,NA,NA
57,2D,11,IPR Tangará,0.619,0.987,1.692,2.371,2.71,3.263,4.148,4.705,47.71499999999999,114.426,NA,NA,NA,NA
59,2D,11,IPR Tangará,NA,NA,NA,NA,NA,NA,NA,NA,NA,NA,NA,NA,NA,NA
66,2D,11,IPR Tangará,0.255,0.775,1.116,1.808,2.493,3.661,4.09,5.088,33.498000000000005,102.74700000000003,NA,NA,NA,NA
3,2B,12,IPR 139,1.46,3.523,6.468,11.838,16.638,NA,NA,NA,202.78800000000004,NA,NA,NA,NA,NA
11,2B,12,IPR 139,1.686,4.162,6.367,11.276,17.692,NA,NA,NA,209.196,NA,NA,NA,NA,NA
17,2B,12,IPR 139,2.028,3.644,5.325,9.707,13.664,NA,NA,NA,183.46800000000002,NA,NA,NA,NA,NA
18,2B,12,IPR 139,0.503,1.586,3.437,6.131,10.68,NA,NA,NA,106.509,NA,NA,NA,NA,NA
27,2B,12,IPR 139,0.855,2.03,3.837,6.436,9.489,NA,NA,NA,115.11000000000001,NA,NA,NA,NA,NA
34,2B,12,IPR 139,2.707,5.596,7.767,12.094,19.682,NA,NA,NA,252.39299999999997,NA,NA,NA,NA,NA
39,2D,12,IPR 139,0.39,0.95,1.353,1.696,1.911,2.598,2.89,3.776,35.577,85.566,NA,NA,NA,NA
44,2D,12,IPR 139,0.324,0.843,1.414,3.049,4.274,6.208,8.33,9.897,49.518,179.259,NA,NA,NA,NA
51,2D,12,IPR 139,0.357,0.736,1.208,2.061,3.12,5.509,6.446,8.678,38.745,145.86899999999997,NA,NA,NA,NA
58,2D,12,IPR 139,0.473,0.899,1.535,2.404,3.318,4.974,6.202,8.183,46.077,147.63599999999997,NA,NA,NA,NA
60,2D,12,IPR 139,0.394,0.743,1.296,2.255,3.119,4.895,5.867,7.53,41.031,137.55,NA,NA,NA,NA
67,2D,12,IPR 139,1.18,2.24,4.291,6.715,8.974,15.299,20.39,21,124.09800000000001,428.1540000000001,NA,NA,NA,NA
4,2B,13,IPR Campos Gerais,1.063,2.328,3.453,5.208,8.672,NA,NA,NA,107.895,NA,NA,NA,NA,NA
10,2B,13,IPR Campos Gerais,0.807,2.029,3.198,5.316,10.466,NA,NA,NA,106.761,NA,NA,NA,NA,NA
13,2B,13,IPR Campos Gerais,0.878,2.106,4.166,7.171,11.621,NA,NA,NA,128.691,NA,NA,NA,NA,NA
21,2B,13,IPR Campos Gerais,0.632,1.968,3.137,5.609,8.233,NA,NA,NA,98.46300000000001,NA,NA,NA,NA,NA
27,2B,13,IPR Campos Gerais,1.676,3.585,6.123,10.611,17.984,NA,NA,NA,201.006,NA,NA,NA,NA,NA
35,2B,13,IPR Campos Gerais,2.198,3.403,6.336,9.91,13.877,NA,NA,NA,192.495,NA,NA,NA,NA,NA
38,2D,13,IPR Campos Gerais,0.032,0.2,0.502,0.788,1.196,1.566,1.885,2.127,13.008,43.68299999999999,NA,NA,NA,NA
45,2D,13,IPR Campos Gerais,0.395,0.92,1.33,1.666,2.234,2.944,3.029,3.74,36.123,89.88299999999998,NA,NA,NA,NA
52,2D,13,IPR Campos Gerais,0.709,1.465,2.196,3.855,4.569,6.429,8.947,13.507,69.438,215.92199999999997,NA,NA,NA,NA
57,2D,13,IPR Campos Gerais,0.008,0.199,0.72,1.187,2.069,3.265,5.217,7.745,18.963,99.297,NA,NA,NA,NA
62,2D,13,IPR Campos Gerais,0.002,0.203,0.661,0.84,1.719,2.553,3.051,5.571,15.411,70.905,NA,NA,NA,NA
67,2D,13,IPR Campos Gerais,0.401,0.889,1.468,2.98,4.8,7.038,11.009,14.639,52.43699999999999,219.03600000000003,NA,NA,NA,NA
4,2B,14,IPR Quero-quero,1.333,2.308,4.319,7.819,12.473,NA,NA,NA,144.09,NA,NA,NA,NA,NA
9,2B,14,IPR Quero-quero,1.192,3.249,4.575,7.538,9.969,NA,NA,NA,139.959,NA,NA,NA,NA,NA
15,2B,14,IPR Quero-quero,1.533,3.463,7.274,10.235,17.629,NA,NA,NA,201.714,NA,NA,NA,NA,NA
22,2B,14,IPR Quero-quero,2.256,4.617,7.438,11.678,16.598,NA,NA,NA,226.03199999999998,NA,NA,NA,NA,NA
26,2B,14,IPR Quero-quero,1.675,3.67,5.808,8.674,14.961,NA,NA,NA,178.92,NA,NA,NA,NA,NA
32,2B,14,IPR Quero-quero,1.715,4.261,6.767,11.572,18.28,NA,NA,NA,216.165,NA,NA,NA,NA,NA
40,2D,14,IPR Quero-quero,0.463,0.771,1.275,1.918,2.391,2.992,3.751,5.45,37.901999999999994,101.883,NA,NA,NA,NA
43,2D,14,IPR Quero-quero,0.002,0.006,0.249,0.608,0.921,1.351,1.73,2.479,7.970999999999999,36.657,NA,NA,NA,NA
51,2D,14,IPR Quero-quero,0.377,0.652,1.175,1.896,2.486,3.779,4.358,5.042,35.45099999999999,106.857,NA,NA,NA,NA
56,2D,14,IPR Quero-quero,0.324,1.089,1.848,2.953,3.974,6.685,8.245,10.175,52.12199999999999,184.14900000000003,NA,NA,NA,NA
61,2D,14,IPR Quero-quero,0.492,0.806,1.102,1.651,2.288,4.117,4.633,6.571,35.598,114.67500000000001,NA,NA,NA,NA
67,2D,14,IPR Quero-quero,0.075,0.568,1.262,1.65,2.349,2.904,4.526,6.096,29.051999999999996,98.967,NA,NA,NA,NA
4,2B,15,IAPAR 81,1.715,4.216,7.613,9.716,16.412,NA,NA,NA,204.23100000000002,NA,NA,NA,NA,NA
8,2B,15,IAPAR 81,0.891,4.507,4.686,7.782,11.645,NA,NA,NA,150.15,NA,NA,NA,NA,NA
12,2B,15,IAPAR 81,1.813,3.238,7.038,9.877,17.658,NA,NA,NA,201.08700000000002,NA,NA,NA,NA,NA
21,2B,15,IAPAR 81,1.466,3.366,6.361,10.527,18.268,NA,NA,NA,198.31800000000004,NA,NA,NA,NA,NA
25,2B,15,IAPAR 81,1.06,2.44,5.427,9.931,13.654,NA,NA,NA,163.65,NA,NA,NA,NA,NA
29,2B,15,IAPAR 81,1.264,3.2,5.254,7.188,12.407,NA,NA,NA,150.033,NA,NA,NA,NA,NA
39,2D,15,IAPAR 81,0.053,0.302,0.746,1.415,2.203,3.02,5.651,8.399,22.182000000000002,106.014,NA,NA,NA,NA
42,2D,15,IAPAR 81,0.448,1.227,1.402,2.568,3.983,6.112,6.372,10.352,49.851,167.76,NA,NA,NA,NA
49,2D,15,IAPAR 81,0.347,0.872,1.093,1.524,2.262,2.9,3.732,3.803,32.925,90.912,NA,NA,NA,NA
54,2D,15,IAPAR 81,0.383,0.955,1.643,2.409,3.199,4.536,5.794,8.259,45.384,141.73800000000003,NA,NA,NA,NA
63,2D,15,IAPAR 81,0.716,1.162,1.778,3.181,3.745,6.705,7.3,9.361,58.701,182.04899999999998,NA,NA,NA,NA
67,2D,15,IAPAR 81,0.534,1.304,1.958,2.637,3.483,4.904,8.097,9.103,53.853,169.617,NA,NA,NA,NA
4,2B,16,IPR Juriti,2.168,5.195,8.955,13.629,18.399,NA,NA,NA,254.391,NA,NA,NA,NA,NA
11,2B,16,IPR Juriti,2.117,5.208,8.537,14.954,18.979,NA,NA,NA,260.886,NA,NA,NA,NA,NA
16,2B,16,IPR Juriti,1.155,2.792,4.523,8.441,11.566,NA,NA,NA,146.55900000000003,NA,NA,NA,NA,NA
18,2B,16,IPR Juriti,1.099,2.64,5.556,8.754,13.472,NA,NA,NA,158.601,NA,NA,NA,NA,NA
24,2B,16,IPR Juriti,0.157,0.888,2.409,5.504,8.276,NA,NA,NA,79.989,NA,NA,NA,NA,NA
32,2B,16,IPR Juriti,1.531,3.23,4.756,10.603,15.27,NA,NA,NA,180.30900000000003,NA,NA,NA,NA,NA
35,2D,16,IPR Juriti,0.063,0.551,0.801,1.134,1.193,1.775,2.054,2.464,19.439999999999998,53.38499999999999,NA,NA,NA,NA
43,2D,16,IPR Juriti,0.26,0.719,1.308,1.746,2.329,3.18,3.487,3.565,33.525,91.209,NA,NA,NA,NA
47,2D,16,IPR Juriti,0.596,1.591,2.39,3.829,6.03,8.059,11.134,16.397,73.89,256.329,NA,NA,NA,NA
56,2D,16,IPR Juriti,0.319,0.84,1.658,2.55,4.859,6.509,8.961,12.156,49.650000000000006,193.51500000000001,NA,NA,NA,NA
64,2D,16,IPR Juriti,0.687,1.347,2.472,3.803,6.248,9.83,12.762,15.931,74.781,276.87,NA,NA,NA,NA
68,2D,16,IPR Juriti,0.382,0.771,1.477,2.255,3.508,5.643,8.235,11.698,43.272000000000006,172.15800000000002,NA,NA,NA,NA
5,2B,17,IPR Chopina,1.84,3.643,5.979,10.599,16.026,NA,NA,NA,197.004,NA,NA,NA,NA,NA
11,2B,17,IPR Chopina,1.228,3.27,6.133,8.725,14.977,NA,NA,NA,172.119,NA,NA,NA,NA,NA
17,2B,17,IPR Chopina,1.041,2.772,4.889,10.077,17.172,NA,NA,NA,173.559,NA,NA,NA,NA,NA
23,2B,17,IPR Chopina,1.395,3.854,6.688,11.555,16.337,NA,NA,NA,202.51800000000003,NA,NA,NA,NA,NA
28,2B,17,IPR Chopina,1.021,2.542,4.333,7.963,13.438,NA,NA,NA,144.657,NA,NA,NA,NA,NA
34,2B,17,IPR Chopina,1.721,4.202,6.635,10.7,16.222,NA,NA,NA,203.70300000000003,NA,NA,NA,NA,NA
37,2D,17,IPR Chopina,0.177,0.67,1.053,1.682,2.125,3.251,4.324,5.211,29.459999999999997,96.91799999999998,NA,NA,NA,NA
44,2D,17,IPR Chopina,0.003,0.268,0.609,1.404,2.129,3.166,4.09,5.275,20.118,85.86600000000001,NA,NA,NA,NA
49,2D,17,IPR Chopina,0.228,0.697,1.469,2.501,3.75,6.019,8.434,11.199,42.672,174.23699999999997,NA,NA,NA,NA
53,2D,17,IPR Chopina,0.55,0.832,1.337,2.242,3.756,5.028,6.545,9.279,45.984,154.52700000000002,NA,NA,NA,NA
63,2D,17,IPR Chopina,0.476,0.86,1.324,2.501,3.092,4.76,5.683,7.327,44.52600000000001,138.441,NA,NA,NA,NA
68,2D,17,IPR Chopina,0.341,0.733,1.079,2.353,3.566,6.543,8.695,13.3,40.803000000000004,182.82900000000004,NA,NA,NA,NA
5,2B,18,IAC Imperador,2.229,5.032,7.918,11.308,17.442,NA,NA,NA,231.30899999999997,NA,NA,NA,NA,NA
7,2B,18,IAC Imperador,1.116,2.62,3.901,6.376,9.383,NA,NA,NA,122.271,NA,NA,NA,NA,NA
14,2B,18,IAC Imperador,0.795,1.459,3.164,4.576,9.286,NA,NA,NA,94.977,NA,NA,NA,NA,NA
21,2B,18,IAC Imperador,1.445,3.013,5.347,6.616,11.484,NA,NA,NA,145.983,NA,NA,NA,NA,NA
28,2B,18,IAC Imperador,1.409,3.103,4.599,7.675,11.945,NA,NA,NA,149.23200000000003,NA,NA,NA,NA,NA
30,2B,18,IAC Imperador,1.275,2.847,6.074,11.018,15.247,NA,NA,NA,184.5,NA,NA,NA,NA,NA
36,2D,18,IAC Imperador,0.348,0.763,1.407,2.221,3.639,4.681,5.374,8.331,42.483,138.72299999999998,NA,NA,NA,NA
45,2D,18,IAC Imperador,0.335,0.95,1.599,2.385,3.63,5.278,6.589,9.402,45.519,155.81699999999998,NA,NA,NA,NA
51,2D,18,IAC Imperador,0.324,0.872,1.619,2.049,2.478,3.299,4.641,4.858,39.534,109.182,NA,NA,NA,NA
58,2D,18,IAC Imperador,0.352,0.71,1.113,1.589,2.357,3.191,5.105,8.119,32.82300000000001,114.02699999999999,NA,NA,NA,NA
62,2D,18,IAC Imperador,0.382,0.701,1.098,1.795,2.574,3.299,3.938,5.205,35.016,101.775,NA,NA,NA,NA
68,2D,18,IAC Imperador,0.628,1.117,1.855,2.627,3.294,4.62,6.943,8.296,52.896,157.044,NA,NA,NA,NA
5,2B,19,IAC Formoso,1.001,2.635,4.692,8.432,15.499,NA,NA,NA,156.066,NA,NA,NA,NA,NA
6,2B,19,IAC Formoso,1.343,3.591,5.745,10.066,14.869,NA,NA,NA,181.164,NA,NA,NA,NA,NA
14,2B,19,IAC Formoso,1.558,3.508,6.466,10.243,17.661,NA,NA,NA,197.655,NA,NA,NA,NA,NA
22,2B,19,IAC Formoso,1.736,5.348,7.6,12.76,19.876,NA,NA,NA,239.916,NA,NA,NA,NA,NA
29,2B,19,IAC Formoso,1.216,2.425,4.009,6.954,10.27,NA,NA,NA,129.378,NA,NA,NA,NA,NA
33,2B,19,IAC Formoso,1.193,2.877,5.671,8.524,11.721,NA,NA,NA,155.49,NA,NA,NA,NA,NA
36,2D,19,IAC Formoso,0.071,0.41,0.766,1.198,2.026,2.685,4.226,5.753,21.387,86.19,NA,NA,NA,NA
44,2D,19,IAC Formoso,0.002,0.469,0.801,1.596,2.67,4.368,6.654,9.087,25.236,126.63900000000001,NA,NA,NA,NA
49,2D,19,IAC Formoso,0.421,0.718,0.988,1.641,1.999,2.646,3.125,3.9,32.394000000000005,84.71700000000001,NA,NA,NA,NA
55,2D,19,IAC Formoso,0.447,0.92,1.166,1.61,1.99,2.664,2.942,3.751,34.851,85.71,NA,NA,NA,NA
60,2D,19,IAC Formoso,0.193,0.858,1.261,2.156,3.114,5.575,7.57,10.968,37.887,159.00300000000001,NA,NA,NA,NA
68,2D,19,IAC Formoso,0.841,1.695,2.311,3.815,6.719,8.612,11.218,13.626,79.69800000000001,259.713,NA,NA,NA,NA
5,2B,20,IAC Una,2.025,5.673,9.124,13.47,18.924,NA,NA,NA,256.749,NA,NA,NA,NA,NA
9,2B,20,IAC Una,1.638,4.73,5.955,10.407,15.594,NA,NA,NA,197.904,NA,NA,NA,NA,NA
13,2B,20,IAC Una,2.39,4.091,7.21,15.903,15.013,NA,NA,NA,244.113,NA,NA,NA,NA,NA
20,2B,20,IAC Una,1.268,3.255,6.363,9.072,16.693,NA,NA,NA,181.239,NA,NA,NA,NA,NA
25,2B,20,IAC Una,2.503,4.786,10.019,15.346,20.729,NA,NA,NA,280.638,NA,NA,NA,NA,NA
31,2B,20,IAC Una,2.19,5.429,7.296,13.811,18.269,NA,NA,NA,246.873,NA,NA,NA,NA,NA
40,2D,20,IAC Una,0.412,0.82,1.048,1.867,2.626,3.194,4.734,6.81,36.468,112.34400000000001,NA,NA,NA,NA
46,2D,20,IAC Una,0.078,0.652,0.96,1.416,1.938,2.658,3.16,3.639,25.152000000000005,76.791,NA,NA,NA,NA
48,2D,20,IAC Una,0.546,1.013,1.239,1.888,2.437,2.669,3.476,4.33,40.341,97.51199999999999,NA,NA,NA,NA
55,2D,20,IAC Una,0.296,0.566,0.755,1.467,1.529,2.4,3.115,3.585,25.755,74.18699999999998,NA,NA,NA,NA
59,2D,20,IAC Una,0.396,0.805,1.248,1.707,2.199,3.373,3.676,4.412,35.097,97.22399999999999,NA,NA,NA,NA
69,2D,20,IAC Una,0.552,1.087,1.74,3.187,5.172,8.937,16.113,17.28,59.88,277.536,NA,NA,NA,NA
6,2B,21,IAC Alvorada,0.97,2.003,3.744,4.652,6.815,NA,NA,NA,97.38900000000001,NA,NA,NA,NA,NA
10,2B,21,IAC Alvorada,1.953,6.242,10.135,15.697,17.08,NA,NA,NA,272.979,NA,NA,NA,NA,NA
14,2B,21,IAC Alvorada,1.706,4.791,8.74,14.366,19.346,NA,NA,NA,251.01000000000002,NA,NA,NA,NA,NA
19,2B,21,IAC Alvorada,1.745,3.886,6.59,12.226,21.058,NA,NA,NA,225.561,NA,NA,NA,NA,NA
26,2B,21,IAC Alvorada,1.726,3.875,6.986,11.424,18.206,NA,NA,NA,214.218,NA,NA,NA,NA,NA
30,2B,21,IAC Alvorada,0.219,0.999,2.122,3.72,5.599,NA,NA,NA,61.128,NA,NA,NA,NA,NA
38,2D,21,IAC Alvorada,0.002,0.346,0.624,1.148,1.926,3.775,4.173,6.183,18.516000000000002,90.53099999999999,NA,NA,NA,NA
46,2D,21,IAC Alvorada,0.553,0.899,1.58,2.685,4.476,8.484,10.559,14.934,52.707,225.19500000000002,NA,NA,NA,NA
47,2D,21,IAC Alvorada,0.601,1.068,1.504,2.538,2.816,3.728,4.309,5.364,48.12299999999999,120.885,NA,NA,NA,NA
52,2D,21,IAC Alvorada,0.302,0.586,0.838,1.536,2.144,3.612,4.402,6.887,28.721999999999998,103.899,NA,NA,NA,NA
58,2D,21,IAC Alvorada,0.606,1.369,2.016,4.467,5.943,9.629,10.357,17.152,74.031,263.23199999999997,NA,NA,NA,NA
69,2D,21,IAC Alvorada,0.491,1.007,1.542,2.443,2.871,4.805,5.248,6.696,45.93000000000001,134.949,NA,NA,NA,NA
6,2B,22,IAC Diplomata,1.673,3.872,7.481,11.438,18.268,NA,NA,NA,216.64499999999998,NA,NA,NA,NA,NA
8,2B,22,IAC Diplomata,1.853,3.742,6.555,10.266,14.56,NA,NA,NA,194.85299999999998,NA,NA,NA,NA,NA
15,2B,22,IAC Diplomata,1.32,3.263,5.093,8.833,14.861,NA,NA,NA,167.517,NA,NA,NA,NA,NA
23,2B,22,IAC Diplomata,1.621,3.805,5.447,8.215,16.831,NA,NA,NA,179.60999999999999,NA,NA,NA,NA,NA
25,2B,22,IAC Diplomata,1.023,2.269,4.725,7.973,13.545,NA,NA,NA,145.782,NA,NA,NA,NA,NA
31,2B,22,IAC Diplomata,1.217,2.75,5.09,7.895,13.9,NA,NA,NA,154.365,NA,NA,NA,NA,NA
37,2D,22,IAC Diplomata,0.684,1.078,1.87,3.481,6.253,8.306,12.03,15.779,67.593,255.70499999999998,NA,NA,NA,NA
43,2D,22,IAC Diplomata,0.348,1.04,1.715,2.883,4.365,7.655,9.294,13.792,52.143,208.308,NA,NA,NA,NA
50,2D,22,IAC Diplomata,0.128,0.569,0.956,1.781,2.307,4.35,5.215,5.916,28.677000000000003,110.73599999999999,NA,NA,NA,NA
57,2D,22,IAC Diplomata,0.316,0.793,1.279,2.024,3.293,5.582,8.015,12.951,39.195,169.50900000000001,NA,NA,NA,NA
58,2D,22,IAC Diplomata,0.498,1.072,1.684,2.315,3.558,5.545,6.974,8.655,48.57,160.32300000000004,NA,NA,NA,NA
69,2D,22,IAC Diplomata,0.286,0.741,1.212,2.069,2.811,5.073,6.508,10.489,36.855000000000004,146.24099999999999,NA,NA,NA,NA
6,2B,23,IAC Kaburé,1.08,2.848,6.325,9.818,14.206,NA,NA,NA,172.764,NA,NA,NA,NA,NA
10,2B,23,IAC Kaburé,1.191,2.736,4.714,7.7,12.598,NA,NA,NA,146.55900000000003,NA,NA,NA,NA,NA
13,2B,23,IAC Kaburé,1.772,4.353,8.446,15.219,24.312,NA,NA,NA,267.62399999999997,NA,NA,NA,NA,NA
22,2B,23,IAC Kaburé,1.263,3.044,4.498,7.672,13.73,NA,NA,NA,151.419,NA,NA,NA,NA,NA
24,2B,23,IAC Kaburé,0.307,1.066,1.974,3.531,7.146,NA,NA,NA,65.469,NA,NA,NA,NA,NA
34,2B,23,IAC Kaburé,1.5,1.977,2.944,5.738,8.531,NA,NA,NA,112.04700000000001,NA,NA,NA,NA,NA
37,2D,23,IAC Kaburé,0.189,1.012,1.016,1.991,2.74,4.197,5.049,7.655,35.169,121.83,NA,NA,NA,NA
46,2D,23,IAC Kaburé,0.484,0.836,1.102,1.744,2.465,3.925,5.726,7.293,36.747,123.92699999999999,NA,NA,NA,NA
52,2D,23,IAC Kaburé,0.69,1.363,1.923,3.335,4.441,6.496,8.406,10.208,63.39900000000001,196.758,NA,NA,NA,NA
55,2D,23,IAC Kaburé,0.344,0.675,1.029,1.434,1.792,2.182,2.616,3.178,29.364000000000004,73.06200000000001,NA,NA,NA,NA
59,2D,23,IAC Kaburé,0.334,0.657,1.036,1.708,2.349,3.202,3.931,4.726,32.463,96.48599999999999,NA,NA,NA,NA
69,2D,23,IAC Kaburé,0.54,0.938,1.07,1.642,1.803,2.485,2.666,3.807,35.409,83.14500000000001,NA,NA,NA,NA
